,Cases,City,CityCode,Country,CountryCode,Date,Lat,Lon,Province,Status,Daily_cases,Daily_count
0,106,,,Singapore,SG,2020-03-01T00:00:00Z,1.35,103.82,,confirmed,0.0,106.0
1,108,,,Singapore,SG,2020-03-02T00:00:00Z,1.35,103.82,,confirmed,106.0,2.0
2,110,,,Singapore,SG,2020-03-03T00:00:00Z,1.35,103.82,,confirmed,108.0,2.0
3,110,,,Singapore,SG,2020-03-04T00:00:00Z,1.35,103.82,,confirmed,110.0,0.0
4,117,,,Singapore,SG,2020-03-05T00:00:00Z,1.35,103.82,,confirmed,110.0,7.0
5,130,,,Singapore,SG,2020-03-06T00:00:00Z,1.35,103.82,,confirmed,117.0,13.0
6,138,,,Singapore,SG,2020-03-07T00:00:00Z,1.35,103.82,,confirmed,130.0,8.0
7,150,,,Singapore,SG,2020-03-08T00:00:00Z,1.35,103.82,,confirmed,138.0,12.0
8,150,,,Singapore,SG,2020-03-09T00:00:00Z,1.35,103.82,,confirmed,150.0,0.0
9,160,,,Singapore,SG,2020-03-10T00:00:00Z,1.35,103.82,,confirmed,150.0,10.0
10,178,,,Singapore,SG,2020-03-11T00:00:00Z,1.35,103.82,,confirmed,160.0,18.0
11,178,,,Singapore,SG,2020-03-12T00:00:00Z,1.35,103.82,,confirmed,178.0,0.0
12,200,,,Singapore,SG,2020-03-13T00:00:00Z,1.35,103.82,,confirmed,178.0,22.0
13,212,,,Singapore,SG,2020-03-14T00:00:00Z,1.35,103.82,,confirmed,200.0,12.0
14,226,,,Singapore,SG,2020-03-15T00:00:00Z,1.35,103.82,,confirmed,212.0,14.0
15,243,,,Singapore,SG,2020-03-16T00:00:00Z,1.35,103.82,,confirmed,226.0,17.0
16,266,,,Singapore,SG,2020-03-17T00:00:00Z,1.35,103.82,,confirmed,243.0,23.0
17,313,,,Singapore,SG,2020-03-18T00:00:00Z,1.35,103.82,,confirmed,266.0,47.0
18,345,,,Singapore,SG,2020-03-19T00:00:00Z,1.35,103.82,,confirmed,313.0,32.0
19,385,,,Singapore,SG,2020-03-20T00:00:00Z,1.35,103.82,,confirmed,345.0,40.0
20,432,,,Singapore,SG,2020-03-21T00:00:00Z,1.35,103.82,,confirmed,385.0,47.0
21,455,,,Singapore,SG,2020-03-22T00:00:00Z,1.35,103.82,,confirmed,432.0,23.0
22,509,,,Singapore,SG,2020-03-23T00:00:00Z,1.35,103.82,,confirmed,455.0,54.0
23,558,,,Singapore,SG,2020-03-24T00:00:00Z,1.35,103.82,,confirmed,509.0,49.0
24,631,,,Singapore,SG,2020-03-25T00:00:00Z,1.35,103.82,,confirmed,558.0,73.0
25,683,,,Singapore,SG,2020-03-26T00:00:00Z,1.35,103.82,,confirmed,631.0,52.0
26,732,,,Singapore,SG,2020-03-27T00:00:00Z,1.35,103.82,,confirmed,683.0,49.0
27,802,,,Singapore,SG,2020-03-28T00:00:00Z,1.35,103.82,,confirmed,732.0,70.0
28,844,,,Singapore,SG,2020-03-29T00:00:00Z,1.35,103.82,,confirmed,802.0,42.0
29,879,,,Singapore,SG,2020-03-30T00:00:00Z,1.35,103.82,,confirmed,844.0,35.0
30,926,,,Singapore,SG,2020-03-31T00:00:00Z,1.35,103.82,,confirmed,879.0,47.0
31,1000,,,Singapore,SG,2020-04-01T00:00:00Z,1.35,103.82,,confirmed,926.0,74.0
32,1049,,,Singapore,SG,2020-04-02T00:00:00Z,1.35,103.82,,confirmed,1000.0,49.0
33,1114,,,Singapore,SG,2020-04-03T00:00:00Z,1.35,103.82,,confirmed,1049.0,65.0
34,1189,,,Singapore,SG,2020-04-04T00:00:00Z,1.35,103.82,,confirmed,1114.0,75.0
35,1309,,,Singapore,SG,2020-04-05T00:00:00Z,1.35,103.82,,confirmed,1189.0,120.0
36,1375,,,Singapore,SG,2020-04-06T00:00:00Z,1.35,103.82,,confirmed,1309.0,66.0
37,1481,,,Singapore,SG,2020-04-07T00:00:00Z,1.35,103.82,,confirmed,1375.0,106.0
38,1623,,,Singapore,SG,2020-04-08T00:00:00Z,1.35,103.82,,confirmed,1481.0,142.0
39,1910,,,Singapore,SG,2020-04-09T00:00:00Z,1.35,103.82,,confirmed,1623.0,287.0
40,2108,,,Singapore,SG,2020-04-10T00:00:00Z,1.35,103.82,,confirmed,1910.0,198.0
41,2299,,,Singapore,SG,2020-04-11T00:00:00Z,1.35,103.82,,confirmed,2108.0,191.0
42,2532,,,Singapore,SG,2020-04-12T00:00:00Z,1.35,103.82,,confirmed,2299.0,233.0
43,2918,,,Singapore,SG,2020-04-13T00:00:00Z,1.35,103.82,,confirmed,2532.0,386.0
44,3252,,,Singapore,SG,2020-04-14T00:00:00Z,1.35,103.82,,confirmed,2918.0,334.0
45,3699,,,Singapore,SG,2020-04-15T00:00:00Z,1.35,103.82,,confirmed,3252.0,447.0
46,4427,,,Singapore,SG,2020-04-16T00:00:00Z,1.35,103.82,,confirmed,3699.0,728.0
47,5050,,,Singapore,SG,2020-04-17T00:00:00Z,1.35,103.82,,confirmed,4427.0,623.0
48,5992,,,Singapore,SG,2020-04-18T00:00:00Z,1.35,103.82,,confirmed,5050.0,942.0
49,6588,,,Singapore,SG,2020-04-19T00:00:00Z,1.35,103.82,,confirmed,5992.0,596.0
50,8014,,,Singapore,SG,2020-04-20T00:00:00Z,1.35,103.82,,confirmed,6588.0,1426.0
51,9125,,,Singapore,SG,2020-04-21T00:00:00Z,1.35,103.82,,confirmed,8014.0,1111.0
52,10141,,,Singapore,SG,2020-04-22T00:00:00Z,1.35,103.82,,confirmed,9125.0,1016.0
53,11178,,,Singapore,SG,2020-04-23T00:00:00Z,1.35,103.82,,confirmed,10141.0,1037.0
54,12075,,,Singapore,SG,2020-04-24T00:00:00Z,1.35,103.82,,confirmed,11178.0,897.0
55,12693,,,Singapore,SG,2020-04-25T00:00:00Z,1.35,103.82,,confirmed,12075.0,618.0
56,13624,,,Singapore,SG,2020-04-26T00:00:00Z,1.35,103.82,,confirmed,12693.0,931.0
57,14423,,,Singapore,SG,2020-04-27T00:00:00Z,1.35,103.82,,confirmed,13624.0,799.0
58,14951,,,Singapore,SG,2020-04-28T00:00:00Z,1.35,103.82,,confirmed,14423.0,528.0
59,15641,,,Singapore,SG,2020-04-29T00:00:00Z,1.35,103.82,,confirmed,14951.0,690.0
60,16169,,,Singapore,SG,2020-04-30T00:00:00Z,1.35,103.82,,confirmed,15641.0,528.0
61,17101,,,Singapore,SG,2020-05-01T00:00:00Z,1.35,103.82,,confirmed,16169.0,932.0
62,17548,,,Singapore,SG,2020-05-02T00:00:00Z,1.35,103.82,,confirmed,17101.0,447.0
63,18205,,,Singapore,SG,2020-05-03T00:00:00Z,1.35,103.82,,confirmed,17548.0,657.0
64,18778,,,Singapore,SG,2020-05-04T00:00:00Z,1.35,103.82,,confirmed,18205.0,573.0
65,19410,,,Singapore,SG,2020-05-05T00:00:00Z,1.35,103.82,,confirmed,18778.0,632.0
66,20198,,,Singapore,SG,2020-05-06T00:00:00Z,1.35,103.82,,confirmed,19410.0,788.0
67,20939,,,Singapore,SG,2020-05-07T00:00:00Z,1.35,103.82,,confirmed,20198.0,741.0
68,21707,,,Singapore,SG,2020-05-08T00:00:00Z,1.35,103.82,,confirmed,20939.0,768.0
69,22460,,,Singapore,SG,2020-05-09T00:00:00Z,1.35,103.82,,confirmed,21707.0,753.0
70,23336,,,Singapore,SG,2020-05-10T00:00:00Z,1.35,103.82,,confirmed,22460.0,876.0
71,23822,,,Singapore,SG,2020-05-11T00:00:00Z,1.35,103.82,,confirmed,23336.0,486.0
72,24671,,,Singapore,SG,2020-05-12T00:00:00Z,1.35,103.82,,confirmed,23822.0,849.0
73,25346,,,Singapore,SG,2020-05-13T00:00:00Z,1.35,103.82,,confirmed,24671.0,675.0
74,26098,,,Singapore,SG,2020-05-14T00:00:00Z,1.35,103.82,,confirmed,25346.0,752.0
75,26891,,,Singapore,SG,2020-05-15T00:00:00Z,1.35,103.82,,confirmed,26098.0,793.0
76,27356,,,Singapore,SG,2020-05-16T00:00:00Z,1.35,103.82,,confirmed,26891.0,465.0
77,28038,,,Singapore,SG,2020-05-17T00:00:00Z,1.35,103.82,,confirmed,27356.0,682.0
78,28343,,,Singapore,SG,2020-05-18T00:00:00Z,1.35,103.82,,confirmed,28038.0,305.0
79,28794,,,Singapore,SG,2020-05-19T00:00:00Z,1.35,103.82,,confirmed,28343.0,451.0
80,29364,,,Singapore,SG,2020-05-20T00:00:00Z,1.35,103.82,,confirmed,28794.0,570.0
81,29812,,,Singapore,SG,2020-05-21T00:00:00Z,1.35,103.82,,confirmed,29364.0,448.0
82,30426,,,Singapore,SG,2020-05-22T00:00:00Z,1.35,103.82,,confirmed,29812.0,614.0
83,31068,,,Singapore,SG,2020-05-23T00:00:00Z,1.35,103.82,,confirmed,30426.0,642.0
84,31616,,,Singapore,SG,2020-05-24T00:00:00Z,1.35,103.82,,confirmed,31068.0,548.0
85,31960,,,Singapore,SG,2020-05-25T00:00:00Z,1.35,103.82,,confirmed,31616.0,344.0
86,32343,,,Singapore,SG,2020-05-26T00:00:00Z,1.35,103.82,,confirmed,31960.0,383.0
87,32876,,,Singapore,SG,2020-05-27T00:00:00Z,1.35,103.82,,confirmed,32343.0,533.0
88,33249,,,Singapore,SG,2020-05-28T00:00:00Z,1.35,103.82,,confirmed,32876.0,373.0
89,33860,,,Singapore,SG,2020-05-29T00:00:00Z,1.35,103.82,,confirmed,33249.0,611.0
90,34366,,,Singapore,SG,2020-05-30T00:00:00Z,1.35,103.82,,confirmed,33860.0,506.0
91,34884,,,Singapore,SG,2020-05-31T00:00:00Z,1.35,103.82,,confirmed,34366.0,518.0
92,35292,,,Singapore,SG,2020-06-01T00:00:00Z,1.35,103.82,,confirmed,34884.0,408.0
93,35836,,,Singapore,SG,2020-06-02T00:00:00Z,1.35,103.82,,confirmed,35292.0,544.0
94,36405,,,Singapore,SG,2020-06-03T00:00:00Z,1.35,103.82,,confirmed,35836.0,569.0
95,36922,,,Singapore,SG,2020-06-04T00:00:00Z,1.35,103.82,,confirmed,36405.0,517.0
96,37183,,,Singapore,SG,2020-06-05T00:00:00Z,1.35,103.82,,confirmed,36922.0,261.0
97,37527,,,Singapore,SG,2020-06-06T00:00:00Z,1.35,103.82,,confirmed,37183.0,344.0
98,37910,,,Singapore,SG,2020-06-07T00:00:00Z,1.35,103.82,,confirmed,37527.0,383.0
99,38296,,,Singapore,SG,2020-06-08T00:00:00Z,1.35,103.82,,confirmed,37910.0,386.0
100,38514,,,Singapore,SG,2020-06-09T00:00:00Z,1.35,103.82,,confirmed,38296.0,218.0
101,38965,,,Singapore,SG,2020-06-10T00:00:00Z,1.35,103.82,,confirmed,38514.0,451.0
102,39387,,,Singapore,SG,2020-06-11T00:00:00Z,1.35,103.82,,confirmed,38965.0,422.0
103,39850,,,Singapore,SG,2020-06-12T00:00:00Z,1.35,103.82,,confirmed,39387.0,463.0
104,40197,,,Singapore,SG,2020-06-13T00:00:00Z,1.35,103.82,,confirmed,39850.0,347.0
105,40604,,,Singapore,SG,2020-06-14T00:00:00Z,1.35,103.82,,confirmed,40197.0,407.0
106,40818,,,Singapore,SG,2020-06-15T00:00:00Z,1.35,103.82,,confirmed,40604.0,214.0
107,40969,,,Singapore,SG,2020-06-16T00:00:00Z,1.35,103.82,,confirmed,40818.0,151.0
108,41216,,,Singapore,SG,2020-06-17T00:00:00Z,1.35,103.82,,confirmed,40969.0,247.0
109,41473,,,Singapore,SG,2020-06-18T00:00:00Z,1.35,103.82,,confirmed,41216.0,257.0
110,41615,,,Singapore,SG,2020-06-19T00:00:00Z,1.35,103.82,,confirmed,41473.0,142.0
111,41833,,,Singapore,SG,2020-06-20T00:00:00Z,1.35,103.82,,confirmed,41615.0,218.0
112,42095,,,Singapore,SG,2020-06-21T00:00:00Z,1.35,103.82,,confirmed,41833.0,262.0
113,42313,,,Singapore,SG,2020-06-22T00:00:00Z,1.35,103.82,,confirmed,42095.0,218.0
114,42432,,,Singapore,SG,2020-06-23T00:00:00Z,1.35,103.82,,confirmed,42313.0,119.0
115,42623,,,Singapore,SG,2020-06-24T00:00:00Z,1.35,103.82,,confirmed,42432.0,191.0
116,42736,,,Singapore,SG,2020-06-25T00:00:00Z,1.35,103.82,,confirmed,42623.0,113.0
117,42955,,,Singapore,SG,2020-06-26T00:00:00Z,1.35,103.82,,confirmed,42736.0,219.0
118,43246,,,Singapore,SG,2020-06-27T00:00:00Z,1.35,103.82,,confirmed,42955.0,291.0
119,43459,,,Singapore,SG,2020-06-28T00:00:00Z,1.35,103.82,,confirmed,43246.0,213.0
120,43661,,,Singapore,SG,2020-06-29T00:00:00Z,1.35,103.82,,confirmed,43459.0,202.0
121,43907,,,Singapore,SG,2020-06-30T00:00:00Z,1.35,103.82,,confirmed,43661.0,246.0
122,44122,,,Singapore,SG,2020-07-01T00:00:00Z,1.35,103.82,,confirmed,43907.0,215.0
123,44310,,,Singapore,SG,2020-07-02T00:00:00Z,1.35,103.82,,confirmed,44122.0,188.0
124,44479,,,Singapore,SG,2020-07-03T00:00:00Z,1.35,103.82,,confirmed,44310.0,169.0
125,44664,,,Singapore,SG,2020-07-04T00:00:00Z,1.35,103.82,,confirmed,44479.0,185.0
126,44800,,,Singapore,SG,2020-07-05T00:00:00Z,1.35,103.82,,confirmed,44664.0,136.0
127,44983,,,Singapore,SG,2020-07-06T00:00:00Z,1.35,103.82,,confirmed,44800.0,183.0
128,45140,,,Singapore,SG,2020-07-07T00:00:00Z,1.35,103.82,,confirmed,44983.0,157.0
129,45298,,,Singapore,SG,2020-07-08T00:00:00Z,1.35,103.82,,confirmed,45140.0,158.0
130,45423,,,Singapore,SG,2020-07-09T00:00:00Z,1.35,103.82,,confirmed,45298.0,125.0
131,45614,,,Singapore,SG,2020-07-10T00:00:00Z,1.35,103.82,,confirmed,45423.0,191.0
132,45783,,,Singapore,SG,2020-07-11T00:00:00Z,1.35,103.82,,confirmed,45614.0,169.0
133,45961,,,Singapore,SG,2020-07-12T00:00:00Z,1.35,103.82,,confirmed,45783.0,178.0
134,46283,,,Singapore,SG,2020-07-13T00:00:00Z,1.35,103.82,,confirmed,45961.0,322.0
135,46630,,,Singapore,SG,2020-07-14T00:00:00Z,1.35,103.82,,confirmed,46283.0,347.0
136,46878,,,Singapore,SG,2020-07-15T00:00:00Z,1.35,103.82,,confirmed,46630.0,248.0
137,47126,,,Singapore,SG,2020-07-16T00:00:00Z,1.35,103.82,,confirmed,46878.0,248.0
138,47453,,,Singapore,SG,2020-07-17T00:00:00Z,1.35,103.82,,confirmed,47126.0,327.0
139,47655,,,Singapore,SG,2020-07-18T00:00:00Z,1.35,103.82,,confirmed,47453.0,202.0
140,47912,,,Singapore,SG,2020-07-19T00:00:00Z,1.35,103.82,,confirmed,47655.0,257.0
141,48035,,,Singapore,SG,2020-07-20T00:00:00Z,1.35,103.82,,confirmed,47912.0,123.0
142,48434,,,Singapore,SG,2020-07-21T00:00:00Z,1.35,103.82,,confirmed,48035.0,399.0
143,48744,,,Singapore,SG,2020-07-22T00:00:00Z,1.35,103.82,,confirmed,48434.0,310.0
144,49098,,,Singapore,SG,2020-07-23T00:00:00Z,1.35,103.82,,confirmed,48744.0,354.0
145,49375,,,Singapore,SG,2020-07-24T00:00:00Z,1.35,103.82,,confirmed,49098.0,277.0
146,49888,,,Singapore,SG,2020-07-25T00:00:00Z,1.35,103.82,,confirmed,49375.0,513.0
147,50369,,,Singapore,SG,2020-07-26T00:00:00Z,1.35,103.82,,confirmed,49888.0,481.0
148,50838,,,Singapore,SG,2020-07-27T00:00:00Z,1.35,103.82,,confirmed,50369.0,469.0
149,51197,,,Singapore,SG,2020-07-28T00:00:00Z,1.35,103.82,,confirmed,50838.0,359.0
150,51531,,,Singapore,SG,2020-07-29T00:00:00Z,1.35,103.82,,confirmed,51197.0,334.0
151,51809,,,Singapore,SG,2020-07-30T00:00:00Z,1.35,103.82,,confirmed,51531.0,278.0
152,52205,,,Singapore,SG,2020-07-31T00:00:00Z,1.35,103.82,,confirmed,51809.0,396.0
153,52512,,,Singapore,SG,2020-08-01T00:00:00Z,1.35,103.82,,confirmed,52205.0,307.0
154,52825,,,Singapore,SG,2020-08-02T00:00:00Z,1.35,103.82,,confirmed,52512.0,313.0
155,53051,,,Singapore,SG,2020-08-03T00:00:00Z,1.35,103.82,,confirmed,52825.0,226.0
156,53346,,,Singapore,SG,2020-08-04T00:00:00Z,1.35,103.82,,confirmed,53051.0,295.0
157,54254,,,Singapore,SG,2020-08-05T00:00:00Z,1.35,103.82,,confirmed,53346.0,908.0
158,54555,,,Singapore,SG,2020-08-06T00:00:00Z,1.35,103.82,,confirmed,54254.0,301.0
159,54797,,,Singapore,SG,2020-08-07T00:00:00Z,1.35,103.82,,confirmed,54555.0,242.0
160,54929,,,Singapore,SG,2020-08-08T00:00:00Z,1.35,103.82,,confirmed,54797.0,132.0
161,55104,,,Singapore,SG,2020-08-09T00:00:00Z,1.35,103.82,,confirmed,54929.0,175.0
162,55292,,,Singapore,SG,2020-08-10T00:00:00Z,1.35,103.82,,confirmed,55104.0,188.0
163,55353,,,Singapore,SG,2020-08-11T00:00:00Z,1.35,103.82,,confirmed,55292.0,61.0
164,55395,,,Singapore,SG,2020-08-12T00:00:00Z,1.35,103.82,,confirmed,55353.0,42.0
165,55497,,,Singapore,SG,2020-08-13T00:00:00Z,1.35,103.82,,confirmed,55395.0,102.0
166,55580,,,Singapore,SG,2020-08-14T00:00:00Z,1.35,103.82,,confirmed,55497.0,83.0
167,55661,,,Singapore,SG,2020-08-15T00:00:00Z,1.35,103.82,,confirmed,55580.0,81.0
168,55747,,,Singapore,SG,2020-08-16T00:00:00Z,1.35,103.82,,confirmed,55661.0,86.0
169,55838,,,Singapore,SG,2020-08-17T00:00:00Z,1.35,103.82,,confirmed,55747.0,91.0
170,55938,,,Singapore,SG,2020-08-18T00:00:00Z,1.35,103.82,,confirmed,55838.0,100.0
171,56031,,,Singapore,SG,2020-08-19T00:00:00Z,1.35,103.82,,confirmed,55938.0,93.0
172,56099,,,Singapore,SG,2020-08-20T00:00:00Z,1.35,103.82,,confirmed,56031.0,68.0
173,56216,,,Singapore,SG,2020-08-21T00:00:00Z,1.35,103.82,,confirmed,56099.0,117.0
174,56266,,,Singapore,SG,2020-08-22T00:00:00Z,1.35,103.82,,confirmed,56216.0,50.0
175,56353,,,Singapore,SG,2020-08-23T00:00:00Z,1.35,103.82,,confirmed,56266.0,87.0
176,56404,,,Singapore,SG,2020-08-24T00:00:00Z,1.35,103.82,,confirmed,56353.0,51.0
177,56435,,,Singapore,SG,2020-08-25T00:00:00Z,1.35,103.82,,confirmed,56404.0,31.0
178,56495,,,Singapore,SG,2020-08-26T00:00:00Z,1.35,103.82,,confirmed,56435.0,60.0
179,56572,,,Singapore,SG,2020-08-27T00:00:00Z,1.35,103.82,,confirmed,56495.0,77.0
180,56666,,,Singapore,SG,2020-08-28T00:00:00Z,1.35,103.82,,confirmed,56572.0,94.0
181,56717,,,Singapore,SG,2020-08-29T00:00:00Z,1.35,103.82,,confirmed,56666.0,51.0
182,56771,,,Singapore,SG,2020-08-30T00:00:00Z,1.35,103.82,,confirmed,56717.0,54.0
183,56812,,,Singapore,SG,2020-08-31T00:00:00Z,1.35,103.82,,confirmed,56771.0,41.0
184,56852,,,Singapore,SG,2020-09-01T00:00:00Z,1.35,103.82,,confirmed,56812.0,40.0
185,56860,,,Singapore,SG,2020-09-02T00:00:00Z,1.35,103.82,,confirmed,56852.0,8.0
186,56908,,,Singapore,SG,2020-09-03T00:00:00Z,1.35,103.82,,confirmed,56860.0,48.0
187,56948,,,Singapore,SG,2020-09-04T00:00:00Z,1.35,103.82,,confirmed,56908.0,40.0
188,56982,,,Singapore,SG,2020-09-05T00:00:00Z,1.35,103.82,,confirmed,56948.0,34.0
189,57022,,,Singapore,SG,2020-09-06T00:00:00Z,1.35,103.82,,confirmed,56982.0,40.0
190,57044,,,Singapore,SG,2020-09-07T00:00:00Z,1.35,103.82,,confirmed,57022.0,22.0
191,57091,,,Singapore,SG,2020-09-08T00:00:00Z,1.35,103.82,,confirmed,57044.0,47.0
192,57166,,,Singapore,SG,2020-09-09T00:00:00Z,1.35,103.82,,confirmed,57091.0,75.0
193,57229,,,Singapore,SG,2020-09-10T00:00:00Z,1.35,103.82,,confirmed,57166.0,63.0
194,57315,,,Singapore,SG,2020-09-11T00:00:00Z,1.35,103.82,,confirmed,57229.0,86.0
195,57357,,,Singapore,SG,2020-09-12T00:00:00Z,1.35,103.82,,confirmed,57315.0,42.0
196,57406,,,Singapore,SG,2020-09-13T00:00:00Z,1.35,103.82,,confirmed,57357.0,49.0
197,57454,,,Singapore,SG,2020-09-14T00:00:00Z,1.35,103.82,,confirmed,57406.0,48.0
198,57488,,,Singapore,SG,2020-09-15T00:00:00Z,1.35,103.82,,confirmed,57454.0,34.0
199,57514,,,Singapore,SG,2020-09-16T00:00:00Z,1.35,103.82,,confirmed,57488.0,26.0
200,57532,,,Singapore,SG,2020-09-17T00:00:00Z,1.35,103.82,,confirmed,57514.0,18.0
201,57543,,,Singapore,SG,2020-09-18T00:00:00Z,1.35,103.82,,confirmed,57532.0,11.0
202,57558,,,Singapore,SG,2020-09-19T00:00:00Z,1.35,103.82,,confirmed,57543.0,15.0
203,57576,,,Singapore,SG,2020-09-20T00:00:00Z,1.35,103.82,,confirmed,57558.0,18.0
204,57606,,,Singapore,SG,2020-09-21T00:00:00Z,1.35,103.82,,confirmed,57576.0,30.0
205,57627,,,Singapore,SG,2020-09-22T00:00:00Z,1.35,103.82,,confirmed,57606.0,21.0
206,57639,,,Singapore,SG,2020-09-23T00:00:00Z,1.35,103.82,,confirmed,57627.0,12.0
207,57654,,,Singapore,SG,2020-09-24T00:00:00Z,1.35,103.82,,confirmed,57639.0,15.0
208,57665,,,Singapore,SG,2020-09-25T00:00:00Z,1.35,103.82,,confirmed,57654.0,11.0
209,57685,,,Singapore,SG,2020-09-26T00:00:00Z,1.35,103.82,,confirmed,57665.0,20.0
210,57700,,,Singapore,SG,2020-09-27T00:00:00Z,1.35,103.82,,confirmed,57685.0,15.0
211,57715,,,Singapore,SG,2020-09-28T00:00:00Z,1.35,103.82,,confirmed,57700.0,15.0
212,57742,,,Singapore,SG,2020-09-29T00:00:00Z,1.35,103.82,,confirmed,57715.0,27.0
213,57765,,,Singapore,SG,2020-09-30T00:00:00Z,1.35,103.82,,confirmed,57742.0,23.0
214,57784,,,Singapore,SG,2020-10-01T00:00:00Z,1.35,103.82,,confirmed,57765.0,19.0
215,57794,,,Singapore,SG,2020-10-02T00:00:00Z,1.35,103.82,,confirmed,57784.0,10.0
216,57800,,,Singapore,SG,2020-10-03T00:00:00Z,1.35,103.82,,confirmed,57794.0,6.0
217,57812,,,Singapore,SG,2020-10-04T00:00:00Z,1.35,103.82,,confirmed,57800.0,12.0
218,57819,,,Singapore,SG,2020-10-05T00:00:00Z,1.35,103.82,,confirmed,57812.0,7.0
219,57830,,,Singapore,SG,2020-10-06T00:00:00Z,1.35,103.82,,confirmed,57819.0,11.0
220,57840,,,Singapore,SG,2020-10-07T00:00:00Z,1.35,103.82,,confirmed,57830.0,10.0
221,57849,,,Singapore,SG,2020-10-08T00:00:00Z,1.35,103.82,,confirmed,57840.0,9.0
222,57859,,,Singapore,SG,2020-10-09T00:00:00Z,1.35,103.82,,confirmed,57849.0,10.0
223,57866,,,Singapore,SG,2020-10-10T00:00:00Z,1.35,103.82,,confirmed,57859.0,7.0
224,57876,,,Singapore,SG,2020-10-11T00:00:00Z,1.35,103.82,,confirmed,57866.0,10.0
225,57880,,,Singapore,SG,2020-10-12T00:00:00Z,1.35,103.82,,confirmed,57876.0,4.0
226,57884,,,Singapore,SG,2020-10-13T00:00:00Z,1.35,103.82,,confirmed,57880.0,4.0
227,57889,,,Singapore,SG,2020-10-14T00:00:00Z,1.35,103.82,,confirmed,57884.0,5.0
228,57892,,,Singapore,SG,2020-10-15T00:00:00Z,1.35,103.82,,confirmed,57889.0,3.0
229,57901,,,Singapore,SG,2020-10-16T00:00:00Z,1.35,103.82,,confirmed,57892.0,9.0
230,57904,,,Singapore,SG,2020-10-17T00:00:00Z,1.35,103.82,,confirmed,57901.0,3.0
231,57911,,,Singapore,SG,2020-10-18T00:00:00Z,1.35,103.82,,confirmed,57904.0,7.0
232,57915,,,Singapore,SG,2020-10-19T00:00:00Z,1.35,103.82,,confirmed,57911.0,4.0
233,57921,,,Singapore,SG,2020-10-20T00:00:00Z,1.35,103.82,,confirmed,57915.0,6.0
234,57933,,,Singapore,SG,2020-10-21T00:00:00Z,1.35,103.82,,confirmed,57921.0,12.0
235,57941,,,Singapore,SG,2020-10-22T00:00:00Z,1.35,103.82,,confirmed,57933.0,8.0
236,57951,,,Singapore,SG,2020-10-23T00:00:00Z,1.35,103.82,,confirmed,57941.0,10.0
237,57965,,,Singapore,SG,2020-10-24T00:00:00Z,1.35,103.82,,confirmed,57951.0,14.0
238,57970,,,Singapore,SG,2020-10-25T00:00:00Z,1.35,103.82,,confirmed,57965.0,5.0
239,57973,,,Singapore,SG,2020-10-26T00:00:00Z,1.35,103.82,,confirmed,57970.0,3.0
240,57980,,,Singapore,SG,2020-10-27T00:00:00Z,1.35,103.82,,confirmed,57973.0,7.0
241,57987,,,Singapore,SG,2020-10-28T00:00:00Z,1.35,103.82,,confirmed,57980.0,7.0
242,57994,,,Singapore,SG,2020-10-29T00:00:00Z,1.35,103.82,,confirmed,57987.0,7.0
243,58003,,,Singapore,SG,2020-10-30T00:00:00Z,1.35,103.82,,confirmed,57994.0,9.0
244,58015,,,Singapore,SG,2020-10-31T00:00:00Z,1.35,103.82,,confirmed,58003.0,12.0
245,58019,,,Singapore,SG,2020-11-01T00:00:00Z,1.35,103.82,,confirmed,58015.0,4.0
246,58020,,,Singapore,SG,2020-11-02T00:00:00Z,1.35,103.82,,confirmed,58019.0,1.0
247,58029,,,Singapore,SG,2020-11-03T00:00:00Z,1.35,103.82,,confirmed,58020.0,9.0
248,58036,,,Singapore,SG,2020-11-04T00:00:00Z,1.35,103.82,,confirmed,58029.0,7.0
249,58043,,,Singapore,SG,2020-11-05T00:00:00Z,1.35,103.82,,confirmed,58036.0,7.0
250,58047,,,Singapore,SG,2020-11-06T00:00:00Z,1.35,103.82,,confirmed,58043.0,4.0
251,58054,,,Singapore,SG,2020-11-07T00:00:00Z,1.35,103.82,,confirmed,58047.0,7.0
252,58056,,,Singapore,SG,2020-11-08T00:00:00Z,1.35,103.82,,confirmed,58054.0,2.0
253,58064,,,Singapore,SG,2020-11-09T00:00:00Z,1.35,103.82,,confirmed,58056.0,8.0
254,58073,,,Singapore,SG,2020-11-10T00:00:00Z,1.35,103.82,,confirmed,58064.0,9.0
255,58091,,,Singapore,SG,2020-11-11T00:00:00Z,1.35,103.82,,confirmed,58073.0,18.0
256,58102,,,Singapore,SG,2020-11-12T00:00:00Z,1.35,103.82,,confirmed,58091.0,11.0
257,58114,,,Singapore,SG,2020-11-13T00:00:00Z,1.35,103.82,,confirmed,58102.0,12.0
258,58116,,,Singapore,SG,2020-11-14T00:00:00Z,1.35,103.82,,confirmed,58114.0,2.0
259,58119,,,Singapore,SG,2020-11-15T00:00:00Z,1.35,103.82,,confirmed,58116.0,3.0
260,58124,,,Singapore,SG,2020-11-16T00:00:00Z,1.35,103.82,,confirmed,58119.0,5.0
261,58130,,,Singapore,SG,2020-11-17T00:00:00Z,1.35,103.82,,confirmed,58124.0,6.0
262,58135,,,Singapore,SG,2020-11-18T00:00:00Z,1.35,103.82,,confirmed,58130.0,5.0
263,58139,,,Singapore,SG,2020-11-19T00:00:00Z,1.35,103.82,,confirmed,58135.0,4.0
264,58143,,,Singapore,SG,2020-11-20T00:00:00Z,1.35,103.82,,confirmed,58139.0,4.0
265,58148,,,Singapore,SG,2020-11-21T00:00:00Z,1.35,103.82,,confirmed,58143.0,5.0
266,58160,,,Singapore,SG,2020-11-22T00:00:00Z,1.35,103.82,,confirmed,58148.0,12.0
267,58165,,,Singapore,SG,2020-11-23T00:00:00Z,1.35,103.82,,confirmed,58160.0,5.0
268,58183,,,Singapore,SG,2020-11-24T00:00:00Z,1.35,103.82,,confirmed,58165.0,18.0
269,58190,,,Singapore,SG,2020-11-25T00:00:00Z,1.35,103.82,,confirmed,58183.0,7.0
270,58195,,,Singapore,SG,2020-11-26T00:00:00Z,1.35,103.82,,confirmed,58190.0,5.0
271,58199,,,Singapore,SG,2020-11-27T00:00:00Z,1.35,103.82,,confirmed,58195.0,4.0
272,58205,,,Singapore,SG,2020-11-28T00:00:00Z,1.35,103.82,,confirmed,58199.0,6.0
273,58213,,,Singapore,SG,2020-11-29T00:00:00Z,1.35,103.82,,confirmed,58205.0,8.0
274,58218,,,Singapore,SG,2020-11-30T00:00:00Z,1.35,103.82,,confirmed,58213.0,5.0
275,58228,,,Singapore,SG,2020-12-01T00:00:00Z,1.35,103.82,,confirmed,58218.0,10.0
276,58230,,,Singapore,SG,2020-12-02T00:00:00Z,1.35,103.82,,confirmed,58228.0,2.0
277,58239,,,Singapore,SG,2020-12-03T00:00:00Z,1.35,103.82,,confirmed,58230.0,9.0
278,58242,,,Singapore,SG,2020-12-04T00:00:00Z,1.35,103.82,,confirmed,58239.0,3.0
279,58255,,,Singapore,SG,2020-12-05T00:00:00Z,1.35,103.82,,confirmed,58242.0,13.0
280,58260,,,Singapore,SG,2020-12-06T00:00:00Z,1.35,103.82,,confirmed,58255.0,5.0
281,58273,,,Singapore,SG,2020-12-07T00:00:00Z,1.35,103.82,,confirmed,58260.0,13.0
282,58285,,,Singapore,SG,2020-12-08T00:00:00Z,1.35,103.82,,confirmed,58273.0,12.0
283,58291,,,Singapore,SG,2020-12-09T00:00:00Z,1.35,103.82,,confirmed,58285.0,6.0
284,58297,,,Singapore,SG,2020-12-10T00:00:00Z,1.35,103.82,,confirmed,58291.0,6.0
285,58305,,,Singapore,SG,2020-12-11T00:00:00Z,1.35,103.82,,confirmed,58297.0,8.0
286,58313,,,Singapore,SG,2020-12-12T00:00:00Z,1.35,103.82,,confirmed,58305.0,8.0
287,58320,,,Singapore,SG,2020-12-13T00:00:00Z,1.35,103.82,,confirmed,58313.0,7.0
288,58325,,,Singapore,SG,2020-12-14T00:00:00Z,1.35,103.82,,confirmed,58320.0,5.0
289,58341,,,Singapore,SG,2020-12-15T00:00:00Z,1.35,103.82,,confirmed,58325.0,16.0
290,58353,,,Singapore,SG,2020-12-16T00:00:00Z,1.35,103.82,,confirmed,58341.0,12.0
291,58377,,,Singapore,SG,2020-12-17T00:00:00Z,1.35,103.82,,confirmed,58353.0,24.0
292,58386,,,Singapore,SG,2020-12-18T00:00:00Z,1.35,103.82,,confirmed,58377.0,9.0
293,58403,,,Singapore,SG,2020-12-19T00:00:00Z,1.35,103.82,,confirmed,58386.0,17.0
294,58422,,,Singapore,SG,2020-12-20T00:00:00Z,1.35,103.82,,confirmed,58403.0,19.0
295,58432,,,Singapore,SG,2020-12-21T00:00:00Z,1.35,103.82,,confirmed,58422.0,10.0
296,58461,,,Singapore,SG,2020-12-22T00:00:00Z,1.35,103.82,,confirmed,58432.0,29.0
297,58482,,,Singapore,SG,2020-12-23T00:00:00Z,1.35,103.82,,confirmed,58461.0,21.0
298,58495,,,Singapore,SG,2020-12-24T00:00:00Z,1.35,103.82,,confirmed,58482.0,13.0
299,58509,,,Singapore,SG,2020-12-25T00:00:00Z,1.35,103.82,,confirmed,58495.0,14.0
300,58519,,,Singapore,SG,2020-12-26T00:00:00Z,1.35,103.82,,confirmed,58509.0,10.0
301,58524,,,Singapore,SG,2020-12-27T00:00:00Z,1.35,103.82,,confirmed,58519.0,5.0
302,58529,,,Singapore,SG,2020-12-28T00:00:00Z,1.35,103.82,,confirmed,58524.0,5.0
303,58542,,,Singapore,SG,2020-12-29T00:00:00Z,1.35,103.82,,confirmed,58529.0,13.0
304,58569,,,Singapore,SG,2020-12-30T00:00:00Z,1.35,103.82,,confirmed,58542.0,27.0
305,58599,,,Singapore,SG,2020-12-31T00:00:00Z,1.35,103.82,,confirmed,58569.0,30.0
306,58629,,,Singapore,SG,2021-01-01T00:00:00Z,1.35,103.82,,confirmed,58599.0,30.0
307,58662,,,Singapore,SG,2021-01-02T00:00:00Z,1.35,103.82,,confirmed,58629.0,33.0
308,58697,,,Singapore,SG,2021-01-03T00:00:00Z,1.35,103.82,,confirmed,58662.0,35.0
309,58721,,,Singapore,SG,2021-01-04T00:00:00Z,1.35,103.82,,confirmed,58697.0,24.0
310,58749,,,Singapore,SG,2021-01-05T00:00:00Z,1.35,103.82,,confirmed,58721.0,28.0
311,58780,,,Singapore,SG,2021-01-06T00:00:00Z,1.35,103.82,,confirmed,58749.0,31.0
312,58813,,,Singapore,SG,2021-01-07T00:00:00Z,1.35,103.82,,confirmed,58780.0,33.0
313,58836,,,Singapore,SG,2021-01-08T00:00:00Z,1.35,103.82,,confirmed,58813.0,23.0
314,58865,,,Singapore,SG,2021-01-09T00:00:00Z,1.35,103.82,,confirmed,58836.0,29.0
315,58907,,,Singapore,SG,2021-01-10T00:00:00Z,1.35,103.82,,confirmed,58865.0,42.0
316,58929,,,Singapore,SG,2021-01-11T00:00:00Z,1.35,103.82,,confirmed,58907.0,22.0
317,58946,,,Singapore,SG,2021-01-12T00:00:00Z,1.35,103.82,,confirmed,58929.0,17.0
318,58984,,,Singapore,SG,2021-01-13T00:00:00Z,1.35,103.82,,confirmed,58946.0,38.0
319,59029,,,Singapore,SG,2021-01-14T00:00:00Z,1.35,103.82,,confirmed,58984.0,45.0
320,59059,,,Singapore,SG,2021-01-15T00:00:00Z,1.35,103.82,,confirmed,59029.0,30.0
321,59083,,,Singapore,SG,2021-01-16T00:00:00Z,1.35,103.82,,confirmed,59059.0,24.0
322,59113,,,Singapore,SG,2021-01-17T00:00:00Z,1.35,103.82,,confirmed,59083.0,30.0
323,59127,,,Singapore,SG,2021-01-18T00:00:00Z,1.35,103.82,,confirmed,59113.0,14.0
324,59157,,,Singapore,SG,2021-01-19T00:00:00Z,1.35,103.82,,confirmed,59127.0,30.0
325,59197,,,Singapore,SG,2021-01-20T00:00:00Z,1.35,103.82,,confirmed,59157.0,40.0
326,59235,,,Singapore,SG,2021-01-21T00:00:00Z,1.35,103.82,,confirmed,59197.0,38.0
327,59250,,,Singapore,SG,2021-01-22T00:00:00Z,1.35,103.82,,confirmed,59235.0,15.0
328,59260,,,Singapore,SG,2021-01-23T00:00:00Z,1.35,103.82,,confirmed,59250.0,10.0
329,59308,,,Singapore,SG,2021-01-24T00:00:00Z,1.35,103.82,,confirmed,59260.0,48.0
330,59352,,,Singapore,SG,2021-01-25T00:00:00Z,1.35,103.82,,confirmed,59308.0,44.0
331,59366,,,Singapore,SG,2021-01-26T00:00:00Z,1.35,103.82,,confirmed,59352.0,14.0
332,59391,,,Singapore,SG,2021-01-27T00:00:00Z,1.35,103.82,,confirmed,59366.0,25.0
333,59425,,,Singapore,SG,2021-01-28T00:00:00Z,1.35,103.82,,confirmed,59391.0,34.0
334,59449,,,Singapore,SG,2021-01-29T00:00:00Z,1.35,103.82,,confirmed,59425.0,24.0
335,59507,,,Singapore,SG,2021-01-30T00:00:00Z,1.35,103.82,,confirmed,59449.0,58.0
336,59536,,,Singapore,SG,2021-01-31T00:00:00Z,1.35,103.82,,confirmed,59507.0,29.0
337,59565,,,Singapore,SG,2021-02-01T00:00:00Z,1.35,103.82,,confirmed,59536.0,29.0
338,59584,,,Singapore,SG,2021-02-02T00:00:00Z,1.35,103.82,,confirmed,59565.0,19.0
339,59602,,,Singapore,SG,2021-02-03T00:00:00Z,1.35,103.82,,confirmed,59584.0,18.0
340,59624,,,Singapore,SG,2021-02-04T00:00:00Z,1.35,103.82,,confirmed,59602.0,22.0
341,59649,,,Singapore,SG,2021-02-05T00:00:00Z,1.35,103.82,,confirmed,59624.0,25.0
342,59675,,,Singapore,SG,2021-02-06T00:00:00Z,1.35,103.82,,confirmed,59649.0,26.0
343,59699,,,Singapore,SG,2021-02-07T00:00:00Z,1.35,103.82,,confirmed,59675.0,24.0
344,59721,,,Singapore,SG,2021-02-08T00:00:00Z,1.35,103.82,,confirmed,59699.0,22.0
345,59732,,,Singapore,SG,2021-02-09T00:00:00Z,1.35,103.82,,confirmed,59721.0,11.0
346,59747,,,Singapore,SG,2021-02-10T00:00:00Z,1.35,103.82,,confirmed,59732.0,15.0
347,59759,,,Singapore,SG,2021-02-11T00:00:00Z,1.35,103.82,,confirmed,59747.0,12.0
348,59777,,,Singapore,SG,2021-02-12T00:00:00Z,1.35,103.82,,confirmed,59759.0,18.0
349,59786,,,Singapore,SG,2021-02-13T00:00:00Z,1.35,103.82,,confirmed,59777.0,9.0
350,59800,,,Singapore,SG,2021-02-14T00:00:00Z,1.35,103.82,,confirmed,59786.0,14.0
351,59809,,,Singapore,SG,2021-02-15T00:00:00Z,1.35,103.82,,confirmed,59800.0,9.0
352,59810,,,Singapore,SG,2021-02-16T00:00:00Z,1.35,103.82,,confirmed,59809.0,1.0
353,59821,,,Singapore,SG,2021-02-17T00:00:00Z,1.35,103.82,,confirmed,59810.0,11.0
354,59832,,,Singapore,SG,2021-02-18T00:00:00Z,1.35,103.82,,confirmed,59821.0,11.0
355,59846,,,Singapore,SG,2021-02-19T00:00:00Z,1.35,103.82,,confirmed,59832.0,14.0
356,59858,,,Singapore,SG,2021-02-20T00:00:00Z,1.35,103.82,,confirmed,59846.0,12.0
357,59869,,,Singapore,SG,2021-02-21T00:00:00Z,1.35,103.82,,confirmed,59858.0,11.0
358,59879,,,Singapore,SG,2021-02-22T00:00:00Z,1.35,103.82,,confirmed,59869.0,10.0
359,59883,,,Singapore,SG,2021-02-23T00:00:00Z,1.35,103.82,,confirmed,59879.0,4.0
360,59890,,,Singapore,SG,2021-02-24T00:00:00Z,1.35,103.82,,confirmed,59883.0,7.0
361,59900,,,Singapore,SG,2021-02-25T00:00:00Z,1.35,103.82,,confirmed,59890.0,10.0
362,59913,,,Singapore,SG,2021-02-26T00:00:00Z,1.35,103.82,,confirmed,59900.0,13.0
363,59925,,,Singapore,SG,2021-02-27T00:00:00Z,1.35,103.82,,confirmed,59913.0,12.0
364,59936,,,Singapore,SG,2021-02-28T00:00:00Z,1.35,103.82,,confirmed,59925.0,11.0
365,59948,,,Singapore,SG,2021-03-01T00:00:00Z,1.35,103.82,,confirmed,59936.0,12.0
366,59956,,,Singapore,SG,2021-03-02T00:00:00Z,1.35,103.82,,confirmed,59948.0,8.0
367,59979,,,Singapore,SG,2021-03-03T00:00:00Z,1.35,103.82,,confirmed,59956.0,23.0
368,59998,,,Singapore,SG,2021-03-04T00:00:00Z,1.35,103.82,,confirmed,59979.0,19.0
369,60007,,,Singapore,SG,2021-03-05T00:00:00Z,1.35,103.82,,confirmed,59998.0,9.0
370,60020,,,Singapore,SG,2021-03-06T00:00:00Z,1.35,103.82,,confirmed,60007.0,13.0
371,60033,,,Singapore,SG,2021-03-07T00:00:00Z,1.35,103.82,,confirmed,60020.0,13.0
372,60046,,,Singapore,SG,2021-03-08T00:00:00Z,1.35,103.82,,confirmed,60033.0,13.0
373,60052,,,Singapore,SG,2021-03-09T00:00:00Z,1.35,103.82,,confirmed,60046.0,6.0
374,60062,,,Singapore,SG,2021-03-10T00:00:00Z,1.35,103.82,,confirmed,60052.0,10.0
375,60070,,,Singapore,SG,2021-03-11T00:00:00Z,1.35,103.82,,confirmed,60062.0,8.0
376,60080,,,Singapore,SG,2021-03-12T00:00:00Z,1.35,103.82,,confirmed,60070.0,10.0
377,60088,,,Singapore,SG,2021-03-13T00:00:00Z,1.35,103.82,,confirmed,60080.0,8.0
378,60105,,,Singapore,SG,2021-03-14T00:00:00Z,1.35,103.82,,confirmed,60088.0,17.0
379,60117,,,Singapore,SG,2021-03-15T00:00:00Z,1.35,103.82,,confirmed,60105.0,12.0
380,60128,,,Singapore,SG,2021-03-16T00:00:00Z,1.35,103.82,,confirmed,60117.0,11.0
381,60137,,,Singapore,SG,2021-03-17T00:00:00Z,1.35,103.82,,confirmed,60128.0,9.0
382,60152,,,Singapore,SG,2021-03-18T00:00:00Z,1.35,103.82,,confirmed,60137.0,15.0
383,60167,,,Singapore,SG,2021-03-19T00:00:00Z,1.35,103.82,,confirmed,60152.0,15.0
384,60184,,,Singapore,SG,2021-03-20T00:00:00Z,1.35,103.82,,confirmed,60167.0,17.0
385,60196,,,Singapore,SG,2021-03-21T00:00:00Z,1.35,103.82,,confirmed,60184.0,12.0
386,60208,,,Singapore,SG,2021-03-22T00:00:00Z,1.35,103.82,,confirmed,60196.0,12.0
387,60221,,,Singapore,SG,2021-03-23T00:00:00Z,1.35,103.82,,confirmed,60208.0,13.0
388,60236,,,Singapore,SG,2021-03-24T00:00:00Z,1.35,103.82,,confirmed,60221.0,15.0
389,60253,,,Singapore,SG,2021-03-25T00:00:00Z,1.35,103.82,,confirmed,60236.0,17.0
390,60265,,,Singapore,SG,2021-03-26T00:00:00Z,1.35,103.82,,confirmed,60253.0,12.0
391,60288,,,Singapore,SG,2021-03-27T00:00:00Z,1.35,103.82,,confirmed,60265.0,23.0
392,60300,,,Singapore,SG,2021-03-28T00:00:00Z,1.35,103.82,,confirmed,60288.0,12.0
393,60321,,,Singapore,SG,2021-03-29T00:00:00Z,1.35,103.82,,confirmed,60300.0,21.0
394,60347,,,Singapore,SG,2021-03-30T00:00:00Z,1.35,103.82,,confirmed,60321.0,26.0
395,60381,,,Singapore,SG,2021-03-31T00:00:00Z,1.35,103.82,,confirmed,60347.0,34.0
396,60407,,,Singapore,SG,2021-04-01T00:00:00Z,1.35,103.82,,confirmed,60381.0,26.0
397,60450,,,Singapore,SG,2021-04-02T00:00:00Z,1.35,103.82,,confirmed,60407.0,43.0
398,60468,,,Singapore,SG,2021-04-03T00:00:00Z,1.35,103.82,,confirmed,60450.0,18.0
399,60478,,,Singapore,SG,2021-04-04T00:00:00Z,1.35,103.82,,confirmed,60468.0,10.0
400,60495,,,Singapore,SG,2021-04-05T00:00:00Z,1.35,103.82,,confirmed,60478.0,17.0
401,60519,,,Singapore,SG,2021-04-06T00:00:00Z,1.35,103.82,,confirmed,60495.0,24.0
402,60554,,,Singapore,SG,2021-04-07T00:00:00Z,1.35,103.82,,confirmed,60519.0,35.0
403,60575,,,Singapore,SG,2021-04-08T00:00:00Z,1.35,103.82,,confirmed,60554.0,21.0
404,60601,,,Singapore,SG,2021-04-09T00:00:00Z,1.35,103.82,,confirmed,60575.0,26.0
405,60633,,,Singapore,SG,2021-04-10T00:00:00Z,1.35,103.82,,confirmed,60601.0,32.0
406,60653,,,Singapore,SG,2021-04-11T00:00:00Z,1.35,103.82,,confirmed,60633.0,20.0
407,60678,,,Singapore,SG,2021-04-12T00:00:00Z,1.35,103.82,,confirmed,60653.0,25.0
408,60692,,,Singapore,SG,2021-04-13T00:00:00Z,1.35,103.82,,confirmed,60678.0,14.0
409,60719,,,Singapore,SG,2021-04-14T00:00:00Z,1.35,103.82,,confirmed,60692.0,27.0
410,60735,,,Singapore,SG,2021-04-15T00:00:00Z,1.35,103.82,,confirmed,60719.0,16.0
411,60769,,,Singapore,SG,2021-04-16T00:00:00Z,1.35,103.82,,confirmed,60735.0,34.0
412,60808,,,Singapore,SG,2021-04-17T00:00:00Z,1.35,103.82,,confirmed,60769.0,39.0
413,60831,,,Singapore,SG,2021-04-18T00:00:00Z,1.35,103.82,,confirmed,60808.0,23.0
414,60851,,,Singapore,SG,2021-04-19T00:00:00Z,1.35,103.82,,confirmed,60831.0,20.0
415,60865,,,Singapore,SG,2021-04-20T00:00:00Z,1.35,103.82,,confirmed,60851.0,14.0
416,60880,,,Singapore,SG,2021-04-21T00:00:00Z,1.35,103.82,,confirmed,60865.0,15.0
417,60904,,,Singapore,SG,2021-04-22T00:00:00Z,1.35,103.82,,confirmed,60880.0,24.0
418,60943,,,Singapore,SG,2021-04-23T00:00:00Z,1.35,103.82,,confirmed,60904.0,39.0
419,60966,,,Singapore,SG,2021-04-24T00:00:00Z,1.35,103.82,,confirmed,60943.0,23.0
420,61006,,,Singapore,SG,2021-04-25T00:00:00Z,1.35,103.82,,confirmed,60966.0,40.0
421,61051,,,Singapore,SG,2021-04-26T00:00:00Z,1.35,103.82,,confirmed,61006.0,45.0
422,61063,,,Singapore,SG,2021-04-27T00:00:00Z,1.35,103.82,,confirmed,61051.0,12.0
423,61086,,,Singapore,SG,2021-04-28T00:00:00Z,1.35,103.82,,confirmed,61063.0,23.0
424,61121,,,Singapore,SG,2021-04-29T00:00:00Z,1.35,103.82,,confirmed,61086.0,35.0
425,61145,,,Singapore,SG,2021-04-30T00:00:00Z,1.35,103.82,,confirmed,61121.0,24.0
426,61179,,,Singapore,SG,2021-05-01T00:00:00Z,1.35,103.82,,confirmed,61145.0,34.0
427,61218,,,Singapore,SG,2021-05-02T00:00:00Z,1.35,103.82,,confirmed,61179.0,39.0
428,61235,,,Singapore,SG,2021-05-03T00:00:00Z,1.35,103.82,,confirmed,61218.0,17.0
429,61252,,,Singapore,SG,2021-05-04T00:00:00Z,1.35,103.82,,confirmed,61235.0,17.0
430,61268,,,Singapore,SG,2021-05-05T00:00:00Z,1.35,103.82,,confirmed,61252.0,16.0
431,61286,,,Singapore,SG,2021-05-06T00:00:00Z,1.35,103.82,,confirmed,61268.0,18.0
432,61311,,,Singapore,SG,2021-05-07T00:00:00Z,1.35,103.82,,confirmed,61286.0,25.0
433,61331,,,Singapore,SG,2021-05-08T00:00:00Z,1.35,103.82,,confirmed,61311.0,20.0
434,61359,,,Singapore,SG,2021-05-09T00:00:00Z,1.35,103.82,,confirmed,61331.0,28.0
435,61378,,,Singapore,SG,2021-05-10T00:00:00Z,1.35,103.82,,confirmed,61359.0,19.0
436,61403,,,Singapore,SG,2021-05-11T00:00:00Z,1.35,103.82,,confirmed,61378.0,25.0
437,61419,,,Singapore,SG,2021-05-12T00:00:00Z,1.35,103.82,,confirmed,61403.0,16.0
438,61453,,,Singapore,SG,2021-05-13T00:00:00Z,1.35,103.82,,confirmed,61419.0,34.0
439,61505,,,Singapore,SG,2021-05-14T00:00:00Z,1.35,103.82,,confirmed,61453.0,52.0
440,61536,,,Singapore,SG,2021-05-15T00:00:00Z,1.35,103.82,,confirmed,61505.0,31.0
441,61585,,,Singapore,SG,2021-05-16T00:00:00Z,1.35,103.82,,confirmed,61536.0,49.0
442,61613,,,Singapore,SG,2021-05-17T00:00:00Z,1.35,103.82,,confirmed,61585.0,28.0
443,61651,,,Singapore,SG,2021-05-18T00:00:00Z,1.35,103.82,,confirmed,61613.0,38.0
444,61689,,,Singapore,SG,2021-05-19T00:00:00Z,1.35,103.82,,confirmed,61651.0,38.0
445,61730,,,Singapore,SG,2021-05-20T00:00:00Z,1.35,103.82,,confirmed,61689.0,41.0
446,61770,,,Singapore,SG,2021-05-21T00:00:00Z,1.35,103.82,,confirmed,61730.0,40.0
447,61799,,,Singapore,SG,2021-05-22T00:00:00Z,1.35,103.82,,confirmed,61770.0,29.0
448,61824,,,Singapore,SG,2021-05-23T00:00:00Z,1.35,103.82,,confirmed,61799.0,25.0
449,61860,,,Singapore,SG,2021-05-24T00:00:00Z,1.35,103.82,,confirmed,61824.0,36.0
450,61890,,,Singapore,SG,2021-05-25T00:00:00Z,1.35,103.82,,confirmed,61860.0,30.0
451,61916,,,Singapore,SG,2021-05-26T00:00:00Z,1.35,103.82,,confirmed,61890.0,26.0
452,61940,,,Singapore,SG,2021-05-27T00:00:00Z,1.35,103.82,,confirmed,61916.0,24.0
453,61970,,,Singapore,SG,2021-05-28T00:00:00Z,1.35,103.82,,confirmed,61940.0,30.0
454,62003,,,Singapore,SG,2021-05-29T00:00:00Z,1.35,103.82,,confirmed,61970.0,33.0
455,62028,,,Singapore,SG,2021-05-30T00:00:00Z,1.35,103.82,,confirmed,62003.0,25.0
456,62051,,,Singapore,SG,2021-05-31T00:00:00Z,1.35,103.82,,confirmed,62028.0,23.0
457,62069,,,Singapore,SG,2021-06-01T00:00:00Z,1.35,103.82,,confirmed,62051.0,18.0
458,62100,,,Singapore,SG,2021-06-02T00:00:00Z,1.35,103.82,,confirmed,62069.0,31.0
459,62145,,,Singapore,SG,2021-06-03T00:00:00Z,1.35,103.82,,confirmed,62100.0,45.0
460,62158,,,Singapore,SG,2021-06-04T00:00:00Z,1.35,103.82,,confirmed,62145.0,13.0
461,62176,,,Singapore,SG,2021-06-05T00:00:00Z,1.35,103.82,,confirmed,62158.0,18.0
462,62196,,,Singapore,SG,2021-06-06T00:00:00Z,1.35,103.82,,confirmed,62176.0,20.0
463,62210,,,Singapore,SG,2021-06-07T00:00:00Z,1.35,103.82,,confirmed,62196.0,14.0
464,62219,,,Singapore,SG,2021-06-08T00:00:00Z,1.35,103.82,,confirmed,62210.0,9.0
465,62223,,,Singapore,SG,2021-06-09T00:00:00Z,1.35,103.82,,confirmed,62219.0,4.0
466,62236,,,Singapore,SG,2021-06-10T00:00:00Z,1.35,103.82,,confirmed,62223.0,13.0
467,62245,,,Singapore,SG,2021-06-11T00:00:00Z,1.35,103.82,,confirmed,62236.0,9.0
468,62263,,,Singapore,SG,2021-06-12T00:00:00Z,1.35,103.82,,confirmed,62245.0,18.0
469,62276,,,Singapore,SG,2021-06-13T00:00:00Z,1.35,103.82,,confirmed,62263.0,13.0
470,62301,,,Singapore,SG,2021-06-14T00:00:00Z,1.35,103.82,,confirmed,62276.0,25.0
471,62315,,,Singapore,SG,2021-06-15T00:00:00Z,1.35,103.82,,confirmed,62301.0,14.0
472,62339,,,Singapore,SG,2021-06-16T00:00:00Z,1.35,103.82,,confirmed,62315.0,24.0
473,62366,,,Singapore,SG,2021-06-17T00:00:00Z,1.35,103.82,,confirmed,62339.0,27.0
474,62382,,,Singapore,SG,2021-06-18T00:00:00Z,1.35,103.82,,confirmed,62366.0,16.0
475,62403,,,Singapore,SG,2021-06-19T00:00:00Z,1.35,103.82,,confirmed,62382.0,21.0
476,62414,,,Singapore,SG,2021-06-20T00:00:00Z,1.35,103.82,,confirmed,62403.0,11.0
477,62430,,,Singapore,SG,2021-06-21T00:00:00Z,1.35,103.82,,confirmed,62414.0,16.0
478,62448,,,Singapore,SG,2021-06-22T00:00:00Z,1.35,103.82,,confirmed,62430.0,18.0
479,62470,,,Singapore,SG,2021-06-23T00:00:00Z,1.35,103.82,,confirmed,62448.0,22.0
480,62493,,,Singapore,SG,2021-06-24T00:00:00Z,1.35,103.82,,confirmed,62470.0,23.0
481,62513,,,Singapore,SG,2021-06-25T00:00:00Z,1.35,103.82,,confirmed,62493.0,20.0
482,62530,,,Singapore,SG,2021-06-26T00:00:00Z,1.35,103.82,,confirmed,62513.0,17.0
483,62544,,,Singapore,SG,2021-06-27T00:00:00Z,1.35,103.82,,confirmed,62530.0,14.0
484,62553,,,Singapore,SG,2021-06-28T00:00:00Z,1.35,103.82,,confirmed,62544.0,9.0
485,62563,,,Singapore,SG,2021-06-29T00:00:00Z,1.35,103.82,,confirmed,62553.0,10.0
486,62579,,,Singapore,SG,2021-06-30T00:00:00Z,1.35,103.82,,confirmed,62563.0,16.0
487,62589,,,Singapore,SG,2021-07-01T00:00:00Z,1.35,103.82,,confirmed,62579.0,10.0
488,62599,,,Singapore,SG,2021-07-02T00:00:00Z,1.35,103.82,,confirmed,62589.0,10.0
489,62606,,,Singapore,SG,2021-07-03T00:00:00Z,1.35,103.82,,confirmed,62599.0,7.0
490,62617,,,Singapore,SG,2021-07-04T00:00:00Z,1.35,103.82,,confirmed,62606.0,11.0
491,62630,,,Singapore,SG,2021-07-05T00:00:00Z,1.35,103.82,,confirmed,62617.0,13.0
492,62640,,,Singapore,SG,2021-07-06T00:00:00Z,1.35,103.82,,confirmed,62630.0,10.0
493,62652,,,Singapore,SG,2021-07-07T00:00:00Z,1.35,103.82,,confirmed,62640.0,12.0
494,62668,,,Singapore,SG,2021-07-08T00:00:00Z,1.35,103.82,,confirmed,62652.0,16.0
495,62678,,,Singapore,SG,2021-07-09T00:00:00Z,1.35,103.82,,confirmed,62668.0,10.0
496,62684,,,Singapore,SG,2021-07-10T00:00:00Z,1.35,103.82,,confirmed,62678.0,6.0
497,62692,,,Singapore,SG,2021-07-11T00:00:00Z,1.35,103.82,,confirmed,62684.0,8.0
498,62718,,,Singapore,SG,2021-07-12T00:00:00Z,1.35,103.82,,confirmed,62692.0,26.0
499,62744,,,Singapore,SG,2021-07-13T00:00:00Z,1.35,103.82,,confirmed,62718.0,26.0
500,62804,,,Singapore,SG,2021-07-14T00:00:00Z,1.35,103.82,,confirmed,62744.0,60.0
501,62852,,,Singapore,SG,2021-07-15T00:00:00Z,1.35,103.82,,confirmed,62804.0,48.0
502,62913,,,Singapore,SG,2021-07-16T00:00:00Z,1.35,103.82,,confirmed,62852.0,61.0
503,62981,,,Singapore,SG,2021-07-17T00:00:00Z,1.35,103.82,,confirmed,62913.0,68.0
504,63073,,,Singapore,SG,2021-07-18T00:00:00Z,1.35,103.82,,confirmed,62981.0,92.0
505,63245,,,Singapore,SG,2021-07-19T00:00:00Z,1.35,103.82,,confirmed,63073.0,172.0
506,63440,,,Singapore,SG,2021-07-20T00:00:00Z,1.35,103.82,,confirmed,63245.0,195.0
507,63621,,,Singapore,SG,2021-07-21T00:00:00Z,1.35,103.82,,confirmed,63440.0,181.0
508,63791,,,Singapore,SG,2021-07-22T00:00:00Z,1.35,103.82,,confirmed,63621.0,170.0
509,63924,,,Singapore,SG,2021-07-23T00:00:00Z,1.35,103.82,,confirmed,63791.0,133.0
510,64054,,,Singapore,SG,2021-07-24T00:00:00Z,1.35,103.82,,confirmed,63924.0,130.0
511,64179,,,Singapore,SG,2021-07-25T00:00:00Z,1.35,103.82,,confirmed,64054.0,125.0
512,64314,,,Singapore,SG,2021-07-26T00:00:00Z,1.35,103.82,,confirmed,64179.0,135.0
513,64453,,,Singapore,SG,2021-07-27T00:00:00Z,1.35,103.82,,confirmed,64314.0,139.0
514,64589,,,Singapore,SG,2021-07-28T00:00:00Z,1.35,103.82,,confirmed,64453.0,136.0
515,64722,,,Singapore,SG,2021-07-29T00:00:00Z,1.35,103.82,,confirmed,64589.0,133.0
516,64861,,,Singapore,SG,2021-07-30T00:00:00Z,1.35,103.82,,confirmed,64722.0,139.0
517,64981,,,Singapore,SG,2021-07-31T00:00:00Z,1.35,103.82,,confirmed,64861.0,120.0
518,65102,,,Singapore,SG,2021-08-01T00:00:00Z,1.35,103.82,,confirmed,64981.0,121.0
519,65213,,,Singapore,SG,2021-08-02T00:00:00Z,1.35,103.82,,confirmed,65102.0,111.0
520,65315,,,Singapore,SG,2021-08-03T00:00:00Z,1.35,103.82,,confirmed,65213.0,102.0
521,65410,,,Singapore,SG,2021-08-04T00:00:00Z,1.35,103.82,,confirmed,65315.0,95.0
522,65508,,,Singapore,SG,2021-08-05T00:00:00Z,1.35,103.82,,confirmed,65410.0,98.0
523,65605,,,Singapore,SG,2021-08-06T00:00:00Z,1.35,103.82,,confirmed,65508.0,97.0
524,65686,,,Singapore,SG,2021-08-07T00:00:00Z,1.35,103.82,,confirmed,65605.0,81.0
525,65764,,,Singapore,SG,2021-08-08T00:00:00Z,1.35,103.82,,confirmed,65686.0,78.0
526,65836,,,Singapore,SG,2021-08-09T00:00:00Z,1.35,103.82,,confirmed,65764.0,72.0
527,65836,,,Singapore,SG,2021-08-10T00:00:00Z,1.35,103.82,,confirmed,65836.0,0.0
528,65953,,,Singapore,SG,2021-08-11T00:00:00Z,1.35,103.82,,confirmed,65836.0,117.0
529,66012,,,Singapore,SG,2021-08-12T00:00:00Z,1.35,103.82,,confirmed,65953.0,59.0
530,66061,,,Singapore,SG,2021-08-13T00:00:00Z,1.35,103.82,,confirmed,66012.0,49.0
531,66119,,,Singapore,SG,2021-08-14T00:00:00Z,1.35,103.82,,confirmed,66061.0,58.0
532,66172,,,Singapore,SG,2021-08-15T00:00:00Z,1.35,103.82,,confirmed,66119.0,53.0
533,66225,,,Singapore,SG,2021-08-16T00:00:00Z,1.35,103.82,,confirmed,66172.0,53.0
534,66281,,,Singapore,SG,2021-08-17T00:00:00Z,1.35,103.82,,confirmed,66225.0,56.0
535,66334,,,Singapore,SG,2021-08-18T00:00:00Z,1.35,103.82,,confirmed,66281.0,53.0
536,66366,,,Singapore,SG,2021-08-19T00:00:00Z,1.35,103.82,,confirmed,66334.0,32.0
537,66406,,,Singapore,SG,2021-08-20T00:00:00Z,1.35,103.82,,confirmed,66366.0,40.0
538,66443,,,Singapore,SG,2021-08-21T00:00:00Z,1.35,103.82,,confirmed,66406.0,37.0
539,66478,,,Singapore,SG,2021-08-22T00:00:00Z,1.35,103.82,,confirmed,66443.0,35.0
540,66576,,,Singapore,SG,2021-08-23T00:00:00Z,1.35,103.82,,confirmed,66478.0,98.0
541,66692,,,Singapore,SG,2021-08-24T00:00:00Z,1.35,103.82,,confirmed,66576.0,116.0
542,66812,,,Singapore,SG,2021-08-25T00:00:00Z,1.35,103.82,,confirmed,66692.0,120.0
543,66928,,,Singapore,SG,2021-08-26T00:00:00Z,1.35,103.82,,confirmed,66812.0,116.0
544,66928,,,Singapore,SG,2021-08-27T00:00:00Z,1.35,103.82,,confirmed,66928.0,0.0
545,67171,,,Singapore,SG,2021-08-28T00:00:00Z,1.35,103.82,,confirmed,66928.0,243.0
546,67171,,,Singapore,SG,2021-08-29T00:00:00Z,1.35,103.82,,confirmed,67171.0,0.0
547,67459,,,Singapore,SG,2021-08-30T00:00:00Z,1.35,103.82,,confirmed,67171.0,288.0
548,67620,,,Singapore,SG,2021-08-31T00:00:00Z,1.35,103.82,,confirmed,67459.0,161.0
549,67800,,,Singapore,SG,2021-09-01T00:00:00Z,1.35,103.82,,confirmed,67620.0,180.0
550,67991,,,Singapore,SG,2021-09-02T00:00:00Z,1.35,103.82,,confirmed,67800.0,191.0
551,68210,,,Singapore,SG,2021-09-03T00:00:00Z,1.35,103.82,,confirmed,67991.0,219.0
552,68469,,,Singapore,SG,2021-09-04T00:00:00Z,1.35,103.82,,confirmed,68210.0,259.0
553,68660,,,Singapore,SG,2021-09-05T00:00:00Z,1.35,103.82,,confirmed,68469.0,191.0
554,68901,,,Singapore,SG,2021-09-06T00:00:00Z,1.35,103.82,,confirmed,68660.0,241.0
555,69233,,,Singapore,SG,2021-09-07T00:00:00Z,1.35,103.82,,confirmed,68901.0,332.0
556,69582,,,Singapore,SG,2021-09-08T00:00:00Z,1.35,103.82,,confirmed,69233.0,349.0
557,70039,,,Singapore,SG,2021-09-09T00:00:00Z,1.35,103.82,,confirmed,69582.0,457.0
558,70612,,,Singapore,SG,2021-09-10T00:00:00Z,1.35,103.82,,confirmed,70039.0,573.0
559,71167,,,Singapore,SG,2021-09-11T00:00:00Z,1.35,103.82,,confirmed,70612.0,555.0
560,71687,,,Singapore,SG,2021-09-12T00:00:00Z,1.35,103.82,,confirmed,71167.0,520.0
561,72294,,,Singapore,SG,2021-09-13T00:00:00Z,1.35,103.82,,confirmed,71687.0,607.0
562,73131,,,Singapore,SG,2021-09-14T00:00:00Z,1.35,103.82,,confirmed,72294.0,837.0
563,73938,,,Singapore,SG,2021-09-15T00:00:00Z,1.35,103.82,,confirmed,73131.0,807.0
564,74848,,,Singapore,SG,2021-09-16T00:00:00Z,1.35,103.82,,confirmed,73938.0,910.0
565,75783,,,Singapore,SG,2021-09-17T00:00:00Z,1.35,103.82,,confirmed,74848.0,935.0
566,76792,,,Singapore,SG,2021-09-18T00:00:00Z,1.35,103.82,,confirmed,75783.0,1009.0
567,77804,,,Singapore,SG,2021-09-19T00:00:00Z,1.35,103.82,,confirmed,76792.0,1012.0
568,78721,,,Singapore,SG,2021-09-20T00:00:00Z,1.35,103.82,,confirmed,77804.0,917.0
569,79899,,,Singapore,SG,2021-09-21T00:00:00Z,1.35,103.82,,confirmed,78721.0,1178.0
570,81356,,,Singapore,SG,2021-09-22T00:00:00Z,1.35,103.82,,confirmed,79899.0,1457.0
571,82860,,,Singapore,SG,2021-09-23T00:00:00Z,1.35,103.82,,confirmed,81356.0,1504.0
572,84510,,,Singapore,SG,2021-09-24T00:00:00Z,1.35,103.82,,confirmed,82860.0,1650.0
573,85953,,,Singapore,SG,2021-09-25T00:00:00Z,1.35,103.82,,confirmed,84510.0,1443.0
574,87892,,,Singapore,SG,2021-09-26T00:00:00Z,1.35,103.82,,confirmed,85953.0,1939.0
575,89539,,,Singapore,SG,2021-09-27T00:00:00Z,1.35,103.82,,confirmed,87892.0,1647.0
576,91775,,,Singapore,SG,2021-09-28T00:00:00Z,1.35,103.82,,confirmed,89539.0,2236.0
577,94043,,,Singapore,SG,2021-09-29T00:00:00Z,1.35,103.82,,confirmed,91775.0,2268.0
578,96521,,,Singapore,SG,2021-09-30T00:00:00Z,1.35,103.82,,confirmed,94043.0,2478.0
579,99430,,,Singapore,SG,2021-10-01T00:00:00Z,1.35,103.82,,confirmed,96521.0,2909.0
580,101786,,,Singapore,SG,2021-10-02T00:00:00Z,1.35,103.82,,confirmed,99430.0,2356.0
581,103843,,,Singapore,SG,2021-10-03T00:00:00Z,1.35,103.82,,confirmed,101786.0,2057.0
582,106318,,,Singapore,SG,2021-10-04T00:00:00Z,1.35,103.82,,confirmed,103843.0,2475.0
583,109804,,,Singapore,SG,2021-10-05T00:00:00Z,1.35,103.82,,confirmed,106318.0,3486.0
584,113381,,,Singapore,SG,2021-10-06T00:00:00Z,1.35,103.82,,confirmed,109804.0,3577.0
585,116864,,,Singapore,SG,2021-10-07T00:00:00Z,1.35,103.82,,confirmed,113381.0,3483.0
586,120454,,,Singapore,SG,2021-10-08T00:00:00Z,1.35,103.82,,confirmed,116864.0,3590.0
587,124157,,,Singapore,SG,2021-10-09T00:00:00Z,1.35,103.82,,confirmed,120454.0,3703.0
588,126966,,,Singapore,SG,2021-10-10T00:00:00Z,1.35,103.82,,confirmed,124157.0,2809.0
589,129229,,,Singapore,SG,2021-10-11T00:00:00Z,1.35,103.82,,confirmed,126966.0,2263.0
590,132205,,,Singapore,SG,2021-10-12T00:00:00Z,1.35,103.82,,confirmed,129229.0,2976.0
591,135395,,,Singapore,SG,2021-10-13T00:00:00Z,1.35,103.82,,confirmed,132205.0,3190.0
592,138327,,,Singapore,SG,2021-10-14T00:00:00Z,1.35,103.82,,confirmed,135395.0,2932.0
593,141772,,,Singapore,SG,2021-10-15T00:00:00Z,1.35,103.82,,confirmed,138327.0,3445.0
594,145120,,,Singapore,SG,2021-10-16T00:00:00Z,1.35,103.82,,confirmed,141772.0,3348.0
595,148178,,,Singapore,SG,2021-10-17T00:00:00Z,1.35,103.82,,confirmed,145120.0,3058.0
596,150731,,,Singapore,SG,2021-10-18T00:00:00Z,1.35,103.82,,confirmed,148178.0,2553.0
597,154725,,,Singapore,SG,2021-10-19T00:00:00Z,1.35,103.82,,confirmed,150731.0,3994.0
598,158587,,,Singapore,SG,2021-10-20T00:00:00Z,1.35,103.82,,confirmed,154725.0,3862.0
599,162026,,,Singapore,SG,2021-10-21T00:00:00Z,1.35,103.82,,confirmed,158587.0,3439.0
600,165663,,,Singapore,SG,2021-10-22T00:00:00Z,1.35,103.82,,confirmed,162026.0,3637.0
601,169261,,,Singapore,SG,2021-10-23T00:00:00Z,1.35,103.82,,confirmed,165663.0,3598.0
602,172644,,,Singapore,SG,2021-10-24T00:00:00Z,1.35,103.82,,confirmed,169261.0,3383.0
603,175818,,,Singapore,SG,2021-10-25T00:00:00Z,1.35,103.82,,confirmed,172644.0,3174.0
604,179095,,,Singapore,SG,2021-10-26T00:00:00Z,1.35,103.82,,confirmed,175818.0,3277.0
605,184419,,,Singapore,SG,2021-10-27T00:00:00Z,1.35,103.82,,confirmed,179095.0,5324.0
606,187851,,,Singapore,SG,2021-10-28T00:00:00Z,1.35,103.82,,confirmed,184419.0,3432.0
607,192099,,,Singapore,SG,2021-10-29T00:00:00Z,1.35,103.82,,confirmed,187851.0,4248.0
608,195211,,,Singapore,SG,2021-10-30T00:00:00Z,1.35,103.82,,confirmed,192099.0,3112.0
609,198374,,,Singapore,SG,2021-10-31T00:00:00Z,1.35,103.82,,confirmed,195211.0,3163.0
610,200844,,,Singapore,SG,2021-11-01T00:00:00Z,1.35,103.82,,confirmed,198374.0,2470.0
611,204340,,,Singapore,SG,2021-11-02T00:00:00Z,1.35,103.82,,confirmed,200844.0,3496.0
612,207975,,,Singapore,SG,2021-11-03T00:00:00Z,1.35,103.82,,confirmed,204340.0,3635.0
613,210978,,,Singapore,SG,2021-11-04T00:00:00Z,1.35,103.82,,confirmed,207975.0,3003.0
614,212745,,,Singapore,SG,2021-11-05T00:00:00Z,1.35,103.82,,confirmed,210978.0,1767.0
615,215780,,,Singapore,SG,2021-11-06T00:00:00Z,1.35,103.82,,confirmed,212745.0,3035.0
616,218333,,,Singapore,SG,2021-11-07T00:00:00Z,1.35,103.82,,confirmed,215780.0,2553.0
617,220803,,,Singapore,SG,2021-11-08T00:00:00Z,1.35,103.82,,confirmed,218333.0,2470.0
618,224200,,,Singapore,SG,2021-11-09T00:00:00Z,1.35,103.82,,confirmed,220803.0,3397.0
619,227681,,,Singapore,SG,2021-11-10T00:00:00Z,1.35,103.82,,confirmed,224200.0,3481.0
620,230077,,,Singapore,SG,2021-11-11T00:00:00Z,1.35,103.82,,confirmed,227681.0,2396.0
621,233176,,,Singapore,SG,2021-11-12T00:00:00Z,1.35,103.82,,confirmed,230077.0,3099.0
622,235480,,,Singapore,SG,2021-11-13T00:00:00Z,1.35,103.82,,confirmed,233176.0,2304.0
623,237203,,,Singapore,SG,2021-11-14T00:00:00Z,1.35,103.82,,confirmed,235480.0,1723.0
624,239272,,,Singapore,SG,2021-11-15T00:00:00Z,1.35,103.82,,confirmed,237203.0,2069.0
625,241341,,,Singapore,SG,2021-11-16T00:00:00Z,1.35,103.82,,confirmed,239272.0,2069.0
626,244815,,,Singapore,SG,2021-11-17T00:00:00Z,1.35,103.82,,confirmed,241341.0,3474.0
627,244815,,,Singapore,SG,2021-11-18T00:00:00Z,1.35,103.82,,confirmed,244815.0,0.0
628,248587,,,Singapore,SG,2021-11-19T00:00:00Z,1.35,103.82,,confirmed,244815.0,3772.0
629,250518,,,Singapore,SG,2021-11-20T00:00:00Z,1.35,103.82,,confirmed,248587.0,1931.0
630,252188,,,Singapore,SG,2021-11-21T00:00:00Z,1.35,103.82,,confirmed,250518.0,1670.0
631,253649,,,Singapore,SG,2021-11-22T00:00:00Z,1.35,103.82,,confirmed,252188.0,1461.0
632,255431,,,Singapore,SG,2021-11-23T00:00:00Z,1.35,103.82,,confirmed,253649.0,1782.0
633,257510,,,Singapore,SG,2021-11-24T00:00:00Z,1.35,103.82,,confirmed,255431.0,2079.0
634,258785,,,Singapore,SG,2021-11-25T00:00:00Z,1.35,103.82,,confirmed,257510.0,1275.0
635,259875,,,Singapore,SG,2021-11-26T00:00:00Z,1.35,103.82,,confirmed,258785.0,1090.0
636,261636,,,Singapore,SG,2021-11-27T00:00:00Z,1.35,103.82,,confirmed,259875.0,1761.0
637,262383,,,Singapore,SG,2021-11-28T00:00:00Z,1.35,103.82,,confirmed,261636.0,747.0
638,263486,,,Singapore,SG,2021-11-29T00:00:00Z,1.35,103.82,,confirmed,262383.0,1103.0
639,264725,,,Singapore,SG,2021-11-30T00:00:00Z,1.35,103.82,,confirmed,263486.0,1239.0
640,266049,,,Singapore,SG,2021-12-01T00:00:00Z,1.35,103.82,,confirmed,264725.0,1324.0
641,267150,,,Singapore,SG,2021-12-02T00:00:00Z,1.35,103.82,,confirmed,266049.0,1101.0
642,267916,,,Singapore,SG,2021-12-03T00:00:00Z,1.35,103.82,,confirmed,267150.0,766.0
643,268659,,,Singapore,SG,2021-12-04T00:00:00Z,1.35,103.82,,confirmed,267916.0,743.0
644,269211,,,Singapore,SG,2021-12-05T00:00:00Z,1.35,103.82,,confirmed,268659.0,552.0
645,269873,,,Singapore,SG,2021-12-06T00:00:00Z,1.35,103.82,,confirmed,269211.0,662.0
646,270588,,,Singapore,SG,2021-12-07T00:00:00Z,1.35,103.82,,confirmed,269873.0,715.0
647,271297,,,Singapore,SG,2021-12-08T00:00:00Z,1.35,103.82,,confirmed,270588.0,709.0
648,271979,,,Singapore,SG,2021-12-09T00:00:00Z,1.35,103.82,,confirmed,271297.0,682.0
649,272433,,,Singapore,SG,2021-12-10T00:00:00Z,1.35,103.82,,confirmed,271979.0,454.0
650,272992,,,Singapore,SG,2021-12-11T00:00:00Z,1.35,103.82,,confirmed,272433.0,559.0
651,273362,,,Singapore,SG,2021-12-12T00:00:00Z,1.35,103.82,,confirmed,272992.0,370.0
652,273701,,,Singapore,SG,2021-12-13T00:00:00Z,1.35,103.82,,confirmed,273362.0,339.0
653,274143,,,Singapore,SG,2021-12-14T00:00:00Z,1.35,103.82,,confirmed,273701.0,442.0
654,274617,,,Singapore,SG,2021-12-15T00:00:00Z,1.35,103.82,,confirmed,274143.0,474.0
655,274972,,,Singapore,SG,2021-12-16T00:00:00Z,1.35,103.82,,confirmed,274617.0,355.0
656,275384,,,Singapore,SG,2021-12-17T00:00:00Z,1.35,103.82,,confirmed,274972.0,412.0
657,275655,,,Singapore,SG,2021-12-18T00:00:00Z,1.35,103.82,,confirmed,275384.0,271.0
658,275910,,,Singapore,SG,2021-12-19T00:00:00Z,1.35,103.82,,confirmed,275655.0,255.0
659,276105,,,Singapore,SG,2021-12-20T00:00:00Z,1.35,103.82,,confirmed,275910.0,195.0
660,276385,,,Singapore,SG,2021-12-21T00:00:00Z,1.35,103.82,,confirmed,276105.0,280.0
661,276720,,,Singapore,SG,2021-12-22T00:00:00Z,1.35,103.82,,confirmed,276385.0,335.0
662,277042,,,Singapore,SG,2021-12-23T00:00:00Z,1.35,103.82,,confirmed,276720.0,322.0
663,277307,,,Singapore,SG,2021-12-24T00:00:00Z,1.35,103.82,,confirmed,277042.0,265.0
664,277555,,,Singapore,SG,2021-12-25T00:00:00Z,1.35,103.82,,confirmed,277307.0,248.0
665,277764,,,Singapore,SG,2021-12-26T00:00:00Z,1.35,103.82,,confirmed,277555.0,209.0
666,278044,,,Singapore,SG,2021-12-27T00:00:00Z,1.35,103.82,,confirmed,277764.0,280.0
667,278409,,,Singapore,SG,2021-12-28T00:00:00Z,1.35,103.82,,confirmed,278044.0,365.0
668,278750,,,Singapore,SG,2021-12-29T00:00:00Z,1.35,103.82,,confirmed,278409.0,341.0
669,279061,,,Singapore,SG,2021-12-30T00:00:00Z,1.35,103.82,,confirmed,278750.0,311.0
670,279405,,,Singapore,SG,2021-12-31T00:00:00Z,1.35,103.82,,confirmed,279061.0,344.0
671,279861,,,Singapore,SG,2022-01-01T00:00:00Z,1.35,103.82,,confirmed,279405.0,456.0
672,280290,,,Singapore,SG,2022-01-02T00:00:00Z,1.35,103.82,,confirmed,279861.0,429.0
673,280754,,,Singapore,SG,2022-01-03T00:00:00Z,1.35,103.82,,confirmed,280290.0,464.0
674,281596,,,Singapore,SG,2022-01-04T00:00:00Z,1.35,103.82,,confirmed,280754.0,842.0
675,282401,,,Singapore,SG,2022-01-05T00:00:00Z,1.35,103.82,,confirmed,281596.0,805.0
676,283214,,,Singapore,SG,2022-01-06T00:00:00Z,1.35,103.82,,confirmed,282401.0,813.0
677,283214,,,Singapore,SG,2022-01-07T00:00:00Z,1.35,103.82,,confirmed,283214.0,0.0
678,284802,,,Singapore,SG,2022-01-08T00:00:00Z,1.35,103.82,,confirmed,283214.0,1588.0
679,285647,,,Singapore,SG,2022-01-09T00:00:00Z,1.35,103.82,,confirmed,284802.0,845.0
680,286397,,,Singapore,SG,2022-01-10T00:00:00Z,1.35,103.82,,confirmed,285647.0,750.0
681,287243,,,Singapore,SG,2022-01-11T00:00:00Z,1.35,103.82,,confirmed,286397.0,846.0
682,288125,,,Singapore,SG,2022-01-12T00:00:00Z,1.35,103.82,,confirmed,287243.0,882.0
683,289085,,,Singapore,SG,2022-01-13T00:00:00Z,1.35,103.82,,confirmed,288125.0,960.0
684,290030,,,Singapore,SG,2022-01-14T00:00:00Z,1.35,103.82,,confirmed,289085.0,945.0
685,290986,,,Singapore,SG,2022-01-15T00:00:00Z,1.35,103.82,,confirmed,290030.0,956.0
686,291849,,,Singapore,SG,2022-01-16T00:00:00Z,1.35,103.82,,confirmed,290986.0,863.0
687,293014,,,Singapore,SG,2022-01-17T00:00:00Z,1.35,103.82,,confirmed,291849.0,1165.0
688,294462,,,Singapore,SG,2022-01-18T00:00:00Z,1.35,103.82,,confirmed,293014.0,1448.0
689,296077,,,Singapore,SG,2022-01-19T00:00:00Z,1.35,103.82,,confirmed,294462.0,1615.0
690,297549,,,Singapore,SG,2022-01-20T00:00:00Z,1.35,103.82,,confirmed,296077.0,1472.0
691,307813,,,Singapore,SG,2022-01-21T00:00:00Z,1.35,103.82,,confirmed,297549.0,10264.0
692,310276,,,Singapore,SG,2022-01-22T00:00:00Z,1.35,103.82,,confirmed,307813.0,2463.0
693,313772,,,Singapore,SG,2022-01-23T00:00:00Z,1.35,103.82,,confirmed,310276.0,3496.0
694,316774,,,Singapore,SG,2022-01-24T00:00:00Z,1.35,103.82,,confirmed,313772.0,3002.0
695,322770,,,Singapore,SG,2022-01-25T00:00:00Z,1.35,103.82,,confirmed,316774.0,5996.0
696,327602,,,Singapore,SG,2022-01-26T00:00:00Z,1.35,103.82,,confirmed,322770.0,4832.0
697,333071,,,Singapore,SG,2022-01-27T00:00:00Z,1.35,103.82,,confirmed,327602.0,5469.0
698,338625,,,Singapore,SG,2022-01-28T00:00:00Z,1.35,103.82,,confirmed,333071.0,5554.0
699,343832,,,Singapore,SG,2022-01-29T00:00:00Z,1.35,103.82,,confirmed,338625.0,5207.0
700,348330,,,Singapore,SG,2022-01-30T00:00:00Z,1.35,103.82,,confirmed,343832.0,4498.0
701,352811,,,Singapore,SG,2022-01-31T00:00:00Z,1.35,103.82,,confirmed,348330.0,4481.0
702,359075,,,Singapore,SG,2022-02-01T00:00:00Z,1.35,103.82,,confirmed,352811.0,6264.0
703,362176,,,Singapore,SG,2022-02-02T00:00:00Z,1.35,103.82,,confirmed,359075.0,3101.0
704,366473,,,Singapore,SG,2022-02-03T00:00:00Z,1.35,103.82,,confirmed,362176.0,4297.0
705,379681,,,Singapore,SG,2022-02-04T00:00:00Z,1.35,103.82,,confirmed,366473.0,13208.0
706,379681,,,Singapore,SG,2022-02-05T00:00:00Z,1.35,103.82,,confirmed,379681.0,0.0
707,390071,,,Singapore,SG,2022-02-06T00:00:00Z,1.35,103.82,,confirmed,379681.0,10390.0
708,405629,,,Singapore,SG,2022-02-07T00:00:00Z,1.35,103.82,,confirmed,390071.0,15558.0
709,418640,,,Singapore,SG,2022-02-08T00:00:00Z,1.35,103.82,,confirmed,405629.0,13011.0
710,428954,,,Singapore,SG,2022-02-09T00:00:00Z,1.35,103.82,,confirmed,418640.0,10314.0
711,439640,,,Singapore,SG,2022-02-10T00:00:00Z,1.35,103.82,,confirmed,428954.0,10686.0
712,449570,,,Singapore,SG,2022-02-11T00:00:00Z,1.35,103.82,,confirmed,439640.0,9930.0
713,460075,,,Singapore,SG,2022-02-12T00:00:00Z,1.35,103.82,,confirmed,449570.0,10505.0
714,469495,,,Singapore,SG,2022-02-13T00:00:00Z,1.35,103.82,,confirmed,460075.0,9420.0
715,478577,,,Singapore,SG,2022-02-14T00:00:00Z,1.35,103.82,,confirmed,469495.0,9082.0
716,497997,,,Singapore,SG,2022-02-15T00:00:00Z,1.35,103.82,,confirmed,478577.0,19420.0
717,514880,,,Singapore,SG,2022-02-16T00:00:00Z,1.35,103.82,,confirmed,497997.0,16883.0
718,533425,,,Singapore,SG,2022-02-17T00:00:00Z,1.35,103.82,,confirmed,514880.0,18545.0
719,551519,,,Singapore,SG,2022-02-18T00:00:00Z,1.35,103.82,,confirmed,533425.0,18094.0
720,576355,,,Singapore,SG,2022-02-19T00:00:00Z,1.35,103.82,,confirmed,551519.0,24836.0
721,582638,,,Singapore,SG,2022-02-20T00:00:00Z,1.35,103.82,,confirmed,576355.0,6283.0
722,596261,,,Singapore,SG,2022-02-21T00:00:00Z,1.35,103.82,,confirmed,582638.0,13623.0
723,622293,,,Singapore,SG,2022-02-22T00:00:00Z,1.35,103.82,,confirmed,596261.0,26032.0
724,642605,,,Singapore,SG,2022-02-23T00:00:00Z,1.35,103.82,,confirmed,622293.0,20312.0
725,661198,,,Singapore,SG,2022-02-24T00:00:00Z,1.35,103.82,,confirmed,642605.0,18593.0
726,679795,,,Singapore,SG,2022-02-25T00:00:00Z,1.35,103.82,,confirmed,661198.0,18597.0
727,696652,,,Singapore,SG,2022-02-26T00:00:00Z,1.35,103.82,,confirmed,679795.0,16857.0
728,710880,,,Singapore,SG,2022-02-27T00:00:00Z,1.35,103.82,,confirmed,696652.0,14228.0
729,724424,,,Singapore,SG,2022-02-28T00:00:00Z,1.35,103.82,,confirmed,710880.0,13544.0
730,748504,,,Singapore,SG,2022-03-01T00:00:00Z,1.35,103.82,,confirmed,724424.0,24080.0
731,767663,,,Singapore,SG,2022-03-02T00:00:00Z,1.35,103.82,,confirmed,748504.0,19159.0
732,785825,,,Singapore,SG,2022-03-03T00:00:00Z,1.35,103.82,,confirmed,767663.0,18162.0
733,803389,,,Singapore,SG,2022-03-04T00:00:00Z,1.35,103.82,,confirmed,785825.0,17564.0
734,819663,,,Singapore,SG,2022-03-05T00:00:00Z,1.35,103.82,,confirmed,803389.0,16274.0
735,832821,,,Singapore,SG,2022-03-06T00:00:00Z,1.35,103.82,,confirmed,819663.0,13158.0
736,846341,,,Singapore,SG,2022-03-07T00:00:00Z,1.35,103.82,,confirmed,832821.0,13520.0
737,846341,,,Singapore,SG,2022-03-08T00:00:00Z,1.35,103.82,,confirmed,846341.0,0.0
738,885593,,,Singapore,SG,2022-03-09T00:00:00Z,1.35,103.82,,confirmed,846341.0,39252.0
739,901758,,,Singapore,SG,2022-03-10T00:00:00Z,1.35,103.82,,confirmed,885593.0,16165.0
740,917103,,,Singapore,SG,2022-03-11T00:00:00Z,1.35,103.82,,confirmed,901758.0,15345.0
741,929735,,,Singapore,SG,2022-03-12T00:00:00Z,1.35,103.82,,confirmed,917103.0,12632.0
742,939436,,,Singapore,SG,2022-03-13T00:00:00Z,1.35,103.82,,confirmed,929735.0,9701.0
743,948478,,,Singapore,SG,2022-03-14T00:00:00Z,1.35,103.82,,confirmed,939436.0,9042.0
744,964329,,,Singapore,SG,2022-03-15T00:00:00Z,1.35,103.82,,confirmed,948478.0,15851.0
745,975607,,,Singapore,SG,2022-03-16T00:00:00Z,1.35,103.82,,confirmed,964329.0,11278.0
746,986320,,,Singapore,SG,2022-03-17T00:00:00Z,1.35,103.82,,confirmed,975607.0,10713.0
747,996914,,,Singapore,SG,2022-03-18T00:00:00Z,1.35,103.82,,confirmed,986320.0,10594.0
748,1007158,,,Singapore,SG,2022-03-19T00:00:00Z,1.35,103.82,,confirmed,996914.0,10244.0
749,1015017,,,Singapore,SG,2022-03-20T00:00:00Z,1.35,103.82,,confirmed,1007158.0,7859.0
750,1022555,,,Singapore,SG,2022-03-21T00:00:00Z,1.35,103.82,,confirmed,1015017.0,7538.0
751,1035721,,,Singapore,SG,2022-03-22T00:00:00Z,1.35,103.82,,confirmed,1022555.0,13166.0
752,1044661,,,Singapore,SG,2022-03-23T00:00:00Z,1.35,103.82,,confirmed,1035721.0,8940.0
753,1053139,,,Singapore,SG,2022-03-24T00:00:00Z,1.35,103.82,,confirmed,1044661.0,8478.0
754,1060723,,,Singapore,SG,2022-03-25T00:00:00Z,1.35,103.82,,confirmed,1053139.0,7584.0
755,1067157,,,Singapore,SG,2022-03-26T00:00:00Z,1.35,103.82,,confirmed,1060723.0,6434.0
756,1067157,,,Singapore,SG,2022-03-27T00:00:00Z,1.35,103.82,,confirmed,1067157.0,0.0
757,1072005,,,Singapore,SG,2022-03-28T00:00:00Z,1.35,103.82,,confirmed,1067157.0,4848.0
758,1085094,,,Singapore,SG,2022-03-29T00:00:00Z,1.35,103.82,,confirmed,1072005.0,13089.0
759,1090823,,,Singapore,SG,2022-03-30T00:00:00Z,1.35,103.82,,confirmed,1085094.0,5729.0
760,1096428,,,Singapore,SG,2022-03-31T00:00:00Z,1.35,103.82,,confirmed,1090823.0,5605.0
761,1101438,,,Singapore,SG,2022-04-01T00:00:00Z,1.35,103.82,,confirmed,1096428.0,5010.0
762,1106001,,,Singapore,SG,2022-04-02T00:00:00Z,1.35,103.82,,confirmed,1101438.0,4563.0
763,1109744,,,Singapore,SG,2022-04-03T00:00:00Z,1.35,103.82,,confirmed,1106001.0,3743.0
764,1109744,,,Singapore,SG,2022-04-04T00:00:00Z,1.35,103.82,,confirmed,1109744.0,0.0
765,1119419,,,Singapore,SG,2022-04-05T00:00:00Z,1.35,103.82,,confirmed,1109744.0,9675.0
766,1123886,,,Singapore,SG,2022-04-06T00:00:00Z,1.35,103.82,,confirmed,1119419.0,4467.0
767,1128155,,,Singapore,SG,2022-04-07T00:00:00Z,1.35,103.82,,confirmed,1123886.0,4269.0
768,1132169,,,Singapore,SG,2022-04-08T00:00:00Z,1.35,103.82,,confirmed,1128155.0,4014.0
769,1135428,,,Singapore,SG,2022-04-09T00:00:00Z,1.35,103.82,,confirmed,1132169.0,3259.0
770,1138001,,,Singapore,SG,2022-04-10T00:00:00Z,1.35,103.82,,confirmed,1135428.0,2573.0
771,1140569,,,Singapore,SG,2022-04-11T00:00:00Z,1.35,103.82,,confirmed,1138001.0,2568.0
772,1145121,,,Singapore,SG,2022-04-12T00:00:00Z,1.35,103.82,,confirmed,1140569.0,4552.0
773,1148656,,,Singapore,SG,2022-04-13T00:00:00Z,1.35,103.82,,confirmed,1145121.0,3535.0
774,1152177,,,Singapore,SG,2022-04-14T00:00:00Z,1.35,103.82,,confirmed,1148656.0,3521.0
775,1155581,,,Singapore,SG,2022-04-15T00:00:00Z,1.35,103.82,,confirmed,1152177.0,3404.0
776,1157251,,,Singapore,SG,2022-04-16T00:00:00Z,1.35,103.82,,confirmed,1155581.0,1670.0
777,1160300,,,Singapore,SG,2022-04-17T00:00:00Z,1.35,103.82,,confirmed,1157251.0,3049.0
778,1162780,,,Singapore,SG,2022-04-18T00:00:00Z,1.35,103.82,,confirmed,1160300.0,2480.0
779,1167498,,,Singapore,SG,2022-04-19T00:00:00Z,1.35,103.82,,confirmed,1162780.0,4718.0
780,1170970,,,Singapore,SG,2022-04-20T00:00:00Z,1.35,103.82,,confirmed,1167498.0,3472.0
781,1174390,,,Singapore,SG,2022-04-21T00:00:00Z,1.35,103.82,,confirmed,1170970.0,3420.0
782,1177415,,,Singapore,SG,2022-04-22T00:00:00Z,1.35,103.82,,confirmed,1174390.0,3025.0
783,1180124,,,Singapore,SG,2022-04-23T00:00:00Z,1.35,103.82,,confirmed,1177415.0,2709.0
784,1182168,,,Singapore,SG,2022-04-24T00:00:00Z,1.35,103.82,,confirmed,1180124.0,2044.0
785,1184226,,,Singapore,SG,2022-04-25T00:00:00Z,1.35,103.82,,confirmed,1182168.0,2058.0
786,1187914,,,Singapore,SG,2022-04-26T00:00:00Z,1.35,103.82,,confirmed,1184226.0,3688.0
787,1187914,,,Singapore,SG,2022-04-27T00:00:00Z,1.35,103.82,,confirmed,1187914.0,0.0
788,1187914,,,Singapore,SG,2022-04-28T00:00:00Z,1.35,103.82,,confirmed,1187914.0,0.0
789,1193250,,,Singapore,SG,2022-04-29T00:00:00Z,1.35,103.82,,confirmed,1187914.0,5336.0
790,1193250,,,Singapore,SG,2022-04-30T00:00:00Z,1.35,103.82,,confirmed,1193250.0,0.0
791,1193250,,,Singapore,SG,2022-05-01T00:00:00Z,1.35,103.82,,confirmed,1193250.0,0.0
792,1200976,,,Singapore,SG,2022-05-02T00:00:00Z,1.35,103.82,,confirmed,1193250.0,7726.0
793,1202546,,,Singapore,SG,2022-05-03T00:00:00Z,1.35,103.82,,confirmed,1200976.0,1570.0
794,1202546,,,Singapore,SG,2022-05-04T00:00:00Z,1.35,103.82,,confirmed,1202546.0,0.0
795,1208917,,,Singapore,SG,2022-05-05T00:00:00Z,1.35,103.82,,confirmed,1202546.0,6371.0
796,1212337,,,Singapore,SG,2022-05-06T00:00:00Z,1.35,103.82,,confirmed,1208917.0,3420.0
797,1215499,,,Singapore,SG,2022-05-07T00:00:00Z,1.35,103.82,,confirmed,1212337.0,3162.0
798,1217922,,,Singapore,SG,2022-05-08T00:00:00Z,1.35,103.82,,confirmed,1215499.0,2423.0
799,1220193,,,Singapore,SG,2022-05-09T00:00:00Z,1.35,103.82,,confirmed,1217922.0,2271.0
800,1225024,,,Singapore,SG,2022-05-10T00:00:00Z,1.35,103.82,,confirmed,1220193.0,4831.0
801,1228914,,,Singapore,SG,2022-05-11T00:00:00Z,1.35,103.82,,confirmed,1225024.0,3890.0
802,1232559,,,Singapore,SG,2022-05-12T00:00:00Z,1.35,103.82,,confirmed,1228914.0,3645.0
803,1236850,,,Singapore,SG,2022-05-13T00:00:00Z,1.35,103.82,,confirmed,1232559.0,4291.0
804,1240233,,,Singapore,SG,2022-05-14T00:00:00Z,1.35,103.82,,confirmed,1236850.0,3383.0
805,1242884,,,Singapore,SG,2022-05-15T00:00:00Z,1.35,103.82,,confirmed,1240233.0,2651.0
806,1245007,,,Singapore,SG,2022-05-16T00:00:00Z,1.35,103.82,,confirmed,1242884.0,2123.0
807,1247671,,,Singapore,SG,2022-05-17T00:00:00Z,1.35,103.82,,confirmed,1245007.0,2664.0
808,1254113,,,Singapore,SG,2022-05-18T00:00:00Z,1.35,103.82,,confirmed,1247671.0,6442.0
809,1258691,,,Singapore,SG,2022-05-19T00:00:00Z,1.35,103.82,,confirmed,1254113.0,4578.0
810,1263033,,,Singapore,SG,2022-05-20T00:00:00Z,1.35,103.82,,confirmed,1258691.0,4342.0
811,1266808,,,Singapore,SG,2022-05-21T00:00:00Z,1.35,103.82,,confirmed,1263033.0,3775.0
812,1269635,,,Singapore,SG,2022-05-22T00:00:00Z,1.35,103.82,,confirmed,1266808.0,2827.0
813,1272386,,,Singapore,SG,2022-05-23T00:00:00Z,1.35,103.82,,confirmed,1269635.0,2751.0
814,1278113,,,Singapore,SG,2022-05-24T00:00:00Z,1.35,103.82,,confirmed,1272386.0,5727.0
815,1282280,,,Singapore,SG,2022-05-25T00:00:00Z,1.35,103.82,,confirmed,1278113.0,4167.0
816,1286216,,,Singapore,SG,2022-05-26T00:00:00Z,1.35,103.82,,confirmed,1282280.0,3936.0
817,1290046,,,Singapore,SG,2022-05-27T00:00:00Z,1.35,103.82,,confirmed,1286216.0,3830.0
818,1293369,,,Singapore,SG,2022-05-28T00:00:00Z,1.35,103.82,,confirmed,1290046.0,3323.0
819,1295920,,,Singapore,SG,2022-05-29T00:00:00Z,1.35,103.82,,confirmed,1293369.0,2551.0
820,1298309,,,Singapore,SG,2022-05-30T00:00:00Z,1.35,103.82,,confirmed,1295920.0,2389.0
821,1303294,,,Singapore,SG,2022-05-31T00:00:00Z,1.35,103.82,,confirmed,1298309.0,4985.0
822,1306871,,,Singapore,SG,2022-06-01T00:00:00Z,1.35,103.82,,confirmed,1303294.0,3577.0
823,1310616,,,Singapore,SG,2022-06-02T00:00:00Z,1.35,103.82,,confirmed,1306871.0,3745.0
824,1313849,,,Singapore,SG,2022-06-03T00:00:00Z,1.35,103.82,,confirmed,1310616.0,3233.0
825,1316728,,,Singapore,SG,2022-06-04T00:00:00Z,1.35,103.82,,confirmed,1313849.0,2879.0
826,1318984,,,Singapore,SG,2022-06-05T00:00:00Z,1.35,103.82,,confirmed,1316728.0,2256.0
827,1321146,,,Singapore,SG,2022-06-06T00:00:00Z,1.35,103.82,,confirmed,1318984.0,2162.0
828,1325623,,,Singapore,SG,2022-06-07T00:00:00Z,1.35,103.82,,confirmed,1321146.0,4477.0
829,1329225,,,Singapore,SG,2022-06-08T00:00:00Z,1.35,103.82,,confirmed,1325623.0,3602.0
830,1332656,,,Singapore,SG,2022-06-09T00:00:00Z,1.35,103.82,,confirmed,1329225.0,3431.0
831,1335625,,,Singapore,SG,2022-06-10T00:00:00Z,1.35,103.82,,confirmed,1332656.0,2969.0
832,1338753,,,Singapore,SG,2022-06-11T00:00:00Z,1.35,103.82,,confirmed,1335625.0,3128.0
833,1341256,,,Singapore,SG,2022-06-12T00:00:00Z,1.35,103.82,,confirmed,1338753.0,2503.0
834,1343645,,,Singapore,SG,2022-06-13T00:00:00Z,1.35,103.82,,confirmed,1341256.0,2389.0
835,1348775,,,Singapore,SG,2022-06-14T00:00:00Z,1.35,103.82,,confirmed,1343645.0,5130.0
836,1352681,,,Singapore,SG,2022-06-15T00:00:00Z,1.35,103.82,,confirmed,1348775.0,3906.0
837,1355801,,,Singapore,SG,2022-06-16T00:00:00Z,1.35,103.82,,confirmed,1352681.0,3120.0
838,1360780,,,Singapore,SG,2022-06-17T00:00:00Z,1.35,103.82,,confirmed,1355801.0,4979.0
839,1364562,,,Singapore,SG,2022-06-18T00:00:00Z,1.35,103.82,,confirmed,1360780.0,3782.0
840,1367761,,,Singapore,SG,2022-06-19T00:00:00Z,1.35,103.82,,confirmed,1364562.0,3199.0
841,1370981,,,Singapore,SG,2022-06-20T00:00:00Z,1.35,103.82,,confirmed,1367761.0,3220.0
842,1378090,,,Singapore,SG,2022-06-21T00:00:00Z,1.35,103.82,,confirmed,1370981.0,7109.0
843,1383952,,,Singapore,SG,2022-06-22T00:00:00Z,1.35,103.82,,confirmed,1378090.0,5862.0
844,1390558,,,Singapore,SG,2022-06-23T00:00:00Z,1.35,103.82,,confirmed,1383952.0,6606.0
845,1397074,,,Singapore,SG,2022-06-24T00:00:00Z,1.35,103.82,,confirmed,1390558.0,6516.0
846,1403242,,,Singapore,SG,2022-06-25T00:00:00Z,1.35,103.82,,confirmed,1397074.0,6168.0
847,1408358,,,Singapore,SG,2022-06-26T00:00:00Z,1.35,103.82,,confirmed,1403242.0,5116.0
848,1413667,,,Singapore,SG,2022-06-27T00:00:00Z,1.35,103.82,,confirmed,1408358.0,5309.0
849,1425171,,,Singapore,SG,2022-06-28T00:00:00Z,1.35,103.82,,confirmed,1413667.0,11504.0
850,1434563,,,Singapore,SG,2022-06-29T00:00:00Z,1.35,103.82,,confirmed,1425171.0,9392.0
851,1444068,,,Singapore,SG,2022-06-30T00:00:00Z,1.35,103.82,,confirmed,1434563.0,9505.0
852,1453155,,,Singapore,SG,2022-07-01T00:00:00Z,1.35,103.82,,confirmed,1444068.0,9087.0
853,1461107,,,Singapore,SG,2022-07-02T00:00:00Z,1.35,103.82,,confirmed,1453155.0,7952.0
854,1467234,,,Singapore,SG,2022-07-03T00:00:00Z,1.35,103.82,,confirmed,1461107.0,6127.0
855,1473180,,,Singapore,SG,2022-07-04T00:00:00Z,1.35,103.82,,confirmed,1467234.0,5946.0
856,1485964,,,Singapore,SG,2022-07-05T00:00:00Z,1.35,103.82,,confirmed,1473180.0,12784.0
857,1495953,,,Singapore,SG,2022-07-06T00:00:00Z,1.35,103.82,,confirmed,1485964.0,9989.0
858,1505938,,,Singapore,SG,2022-07-07T00:00:00Z,1.35,103.82,,confirmed,1495953.0,9985.0
859,1515222,,,Singapore,SG,2022-07-08T00:00:00Z,1.35,103.82,,confirmed,1505938.0,9284.0
860,1523881,,,Singapore,SG,2022-07-09T00:00:00Z,1.35,103.82,,confirmed,1515222.0,8659.0
861,1530304,,,Singapore,SG,2022-07-10T00:00:00Z,1.35,103.82,,confirmed,1523881.0,6423.0
862,1534799,,,Singapore,SG,2022-07-11T00:00:00Z,1.35,103.82,,confirmed,1530304.0,4495.0
863,1540778,,,Singapore,SG,2022-07-12T00:00:00Z,1.35,103.82,,confirmed,1534799.0,5979.0
864,1557648,,,Singapore,SG,2022-07-13T00:00:00Z,1.35,103.82,,confirmed,1540778.0,16870.0
865,1569420,,,Singapore,SG,2022-07-14T00:00:00Z,1.35,103.82,,confirmed,1557648.0,11772.0
866,1579946,,,Singapore,SG,2022-07-15T00:00:00Z,1.35,103.82,,confirmed,1569420.0,10526.0
867,1589099,,,Singapore,SG,2022-07-16T00:00:00Z,1.35,103.82,,confirmed,1579946.0,9153.0
868,1596046,,,Singapore,SG,2022-07-17T00:00:00Z,1.35,103.82,,confirmed,1589099.0,6947.0
869,1602273,,,Singapore,SG,2022-07-18T00:00:00Z,1.35,103.82,,confirmed,1596046.0,6227.0
870,1616067,,,Singapore,SG,2022-07-19T00:00:00Z,1.35,103.82,,confirmed,1602273.0,13794.0
871,1626360,,,Singapore,SG,2022-07-20T00:00:00Z,1.35,103.82,,confirmed,1616067.0,10293.0
872,1636109,,,Singapore,SG,2022-07-21T00:00:00Z,1.35,103.82,,confirmed,1626360.0,9749.0
873,1645092,,,Singapore,SG,2022-07-22T00:00:00Z,1.35,103.82,,confirmed,1636109.0,8983.0
874,1652981,,,Singapore,SG,2022-07-23T00:00:00Z,1.35,103.82,,confirmed,1645092.0,7889.0
875,1659156,,,Singapore,SG,2022-07-24T00:00:00Z,1.35,103.82,,confirmed,1652981.0,6175.0
876,1664707,,,Singapore,SG,2022-07-25T00:00:00Z,1.35,103.82,,confirmed,1659156.0,5551.0
877,1677126,,,Singapore,SG,2022-07-26T00:00:00Z,1.35,103.82,,confirmed,1664707.0,12419.0
878,1685889,,,Singapore,SG,2022-07-27T00:00:00Z,1.35,103.82,,confirmed,1677126.0,8763.0
879,1694454,,,Singapore,SG,2022-07-28T00:00:00Z,1.35,103.82,,confirmed,1685889.0,8565.0
880,1702392,,,Singapore,SG,2022-07-29T00:00:00Z,1.35,103.82,,confirmed,1694454.0,7938.0
881,1708950,,,Singapore,SG,2022-07-30T00:00:00Z,1.35,103.82,,confirmed,1702392.0,6558.0
882,1714056,,,Singapore,SG,2022-07-31T00:00:00Z,1.35,103.82,,confirmed,1708950.0,5106.0
883,1718765,,,Singapore,SG,2022-08-01T00:00:00Z,1.35,103.82,,confirmed,1714056.0,4709.0
884,1728995,,,Singapore,SG,2022-08-02T00:00:00Z,1.35,103.82,,confirmed,1718765.0,10230.0
885,1728995,,,Singapore,SG,2022-08-03T00:00:00Z,1.35,103.82,,confirmed,1728995.0,0.0
886,1742874,,,Singapore,SG,2022-08-04T00:00:00Z,1.35,103.82,,confirmed,1728995.0,13879.0
887,1749144,,,Singapore,SG,2022-08-05T00:00:00Z,1.35,103.82,,confirmed,1742874.0,6270.0
888,1754777,,,Singapore,SG,2022-08-06T00:00:00Z,1.35,103.82,,confirmed,1749144.0,5633.0
889,1759575,,,Singapore,SG,2022-08-07T00:00:00Z,1.35,103.82,,confirmed,1754777.0,4798.0
890,1763116,,,Singapore,SG,2022-08-08T00:00:00Z,1.35,103.82,,confirmed,1759575.0,3541.0
891,1771081,,,Singapore,SG,2022-08-09T00:00:00Z,1.35,103.82,,confirmed,1763116.0,7965.0
892,1773386,,,Singapore,SG,2022-08-10T00:00:00Z,1.35,103.82,,confirmed,1771081.0,2305.0
893,1773386,,,Singapore,SG,2022-08-11T00:00:00Z,1.35,103.82,,confirmed,1773386.0,0.0
894,1786643,,,Singapore,SG,2022-08-12T00:00:00Z,1.35,103.82,,confirmed,1773386.0,13257.0
895,1791046,,,Singapore,SG,2022-08-13T00:00:00Z,1.35,103.82,,confirmed,1786643.0,4403.0
896,1794069,,,Singapore,SG,2022-08-14T00:00:00Z,1.35,103.82,,confirmed,1791046.0,3023.0
897,1794069,,,Singapore,SG,2022-08-15T00:00:00Z,1.35,103.82,,confirmed,1794069.0,0.0
898,1801936,,,Singapore,SG,2022-08-16T00:00:00Z,1.35,103.82,,confirmed,1794069.0,7867.0
899,1805698,,,Singapore,SG,2022-08-17T00:00:00Z,1.35,103.82,,confirmed,1801936.0,3762.0
900,1809251,,,Singapore,SG,2022-08-18T00:00:00Z,1.35,103.82,,confirmed,1805698.0,3553.0
901,1812255,,,Singapore,SG,2022-08-19T00:00:00Z,1.35,103.82,,confirmed,1809251.0,3004.0
902,1814915,,,Singapore,SG,2022-08-20T00:00:00Z,1.35,103.82,,confirmed,1812255.0,2660.0
903,1816866,,,Singapore,SG,2022-08-21T00:00:00Z,1.35,103.82,,confirmed,1814915.0,1951.0
904,1818560,,,Singapore,SG,2022-08-22T00:00:00Z,1.35,103.82,,confirmed,1816866.0,1694.0
905,1822187,,,Singapore,SG,2022-08-23T00:00:00Z,1.35,103.82,,confirmed,1818560.0,3627.0
906,1824832,,,Singapore,SG,2022-08-24T00:00:00Z,1.35,103.82,,confirmed,1822187.0,2645.0
907,1827229,,,Singapore,SG,2022-08-25T00:00:00Z,1.35,103.82,,confirmed,1824832.0,2397.0
908,1829361,,,Singapore,SG,2022-08-26T00:00:00Z,1.35,103.82,,confirmed,1827229.0,2132.0
909,1831332,,,Singapore,SG,2022-08-27T00:00:00Z,1.35,103.82,,confirmed,1829361.0,1971.0
910,1832780,,,Singapore,SG,2022-08-28T00:00:00Z,1.35,103.82,,confirmed,1831332.0,1448.0
911,1834190,,,Singapore,SG,2022-08-29T00:00:00Z,1.35,103.82,,confirmed,1832780.0,1410.0
912,1837090,,,Singapore,SG,2022-08-30T00:00:00Z,1.35,103.82,,confirmed,1834190.0,2900.0
913,1839244,,,Singapore,SG,2022-08-31T00:00:00Z,1.35,103.82,,confirmed,1837090.0,2154.0
914,1841288,,,Singapore,SG,2022-09-01T00:00:00Z,1.35,103.82,,confirmed,1839244.0,2044.0
915,1843236,,,Singapore,SG,2022-09-02T00:00:00Z,1.35,103.82,,confirmed,1841288.0,1948.0
916,1844785,,,Singapore,SG,2022-09-03T00:00:00Z,1.35,103.82,,confirmed,1843236.0,1549.0
917,1846094,,,Singapore,SG,2022-09-04T00:00:00Z,1.35,103.82,,confirmed,1844785.0,1309.0
918,1847270,,,Singapore,SG,2022-09-05T00:00:00Z,1.35,103.82,,confirmed,1846094.0,1176.0
919,1850015,,,Singapore,SG,2022-09-06T00:00:00Z,1.35,103.82,,confirmed,1847270.0,2745.0
920,1852286,,,Singapore,SG,2022-09-07T00:00:00Z,1.35,103.82,,confirmed,1850015.0,2271.0
921,1854455,,,Singapore,SG,2022-09-08T00:00:00Z,1.35,103.82,,confirmed,1852286.0,2169.0
922,1856673,,,Singapore,SG,2022-09-09T00:00:00Z,1.35,103.82,,confirmed,1854455.0,2218.0
923,1858497,,,Singapore,SG,2022-09-10T00:00:00Z,1.35,103.82,,confirmed,1856673.0,1824.0
924,1859937,,,Singapore,SG,2022-09-11T00:00:00Z,1.35,103.82,,confirmed,1858497.0,1440.0
925,1861390,,,Singapore,SG,2022-09-12T00:00:00Z,1.35,103.82,,confirmed,1859937.0,1453.0
926,1864742,,,Singapore,SG,2022-09-13T00:00:00Z,1.35,103.82,,confirmed,1861390.0,3352.0
927,1867168,,,Singapore,SG,2022-09-14T00:00:00Z,1.35,103.82,,confirmed,1864742.0,2426.0
928,1869591,,,Singapore,SG,2022-09-15T00:00:00Z,1.35,103.82,,confirmed,1867168.0,2423.0
929,1871900,,,Singapore,SG,2022-09-16T00:00:00Z,1.35,103.82,,confirmed,1869591.0,2309.0
930,1873747,,,Singapore,SG,2022-09-17T00:00:00Z,1.35,103.82,,confirmed,1871900.0,1847.0
931,1875275,,,Singapore,SG,2022-09-18T00:00:00Z,1.35,103.82,,confirmed,1873747.0,1528.0
932,1876584,,,Singapore,SG,2022-09-19T00:00:00Z,1.35,103.82,,confirmed,1875275.0,1309.0
933,1879806,,,Singapore,SG,2022-09-20T00:00:00Z,1.35,103.82,,confirmed,1876584.0,3222.0
934,1882314,,,Singapore,SG,2022-09-21T00:00:00Z,1.35,103.82,,confirmed,1879806.0,2508.0
935,1884859,,,Singapore,SG,2022-09-22T00:00:00Z,1.35,103.82,,confirmed,1882314.0,2545.0
936,1887202,,,Singapore,SG,2022-09-23T00:00:00Z,1.35,103.82,,confirmed,1884859.0,2343.0
937,1889544,,,Singapore,SG,2022-09-24T00:00:00Z,1.35,103.82,,confirmed,1887202.0,2342.0
938,1891341,,,Singapore,SG,2022-09-25T00:00:00Z,1.35,103.82,,confirmed,1889544.0,1797.0
939,1892947,,,Singapore,SG,2022-09-26T00:00:00Z,1.35,103.82,,confirmed,1891341.0,1606.0
940,1897307,,,Singapore,SG,2022-09-27T00:00:00Z,1.35,103.82,,confirmed,1892947.0,4360.0
941,1900761,,,Singapore,SG,2022-09-28T00:00:00Z,1.35,103.82,,confirmed,1897307.0,3454.0
942,1904192,,,Singapore,SG,2022-09-29T00:00:00Z,1.35,103.82,,confirmed,1900761.0,3431.0
943,1907907,,,Singapore,SG,2022-09-30T00:00:00Z,1.35,103.82,,confirmed,1904192.0,3715.0
944,1911417,,,Singapore,SG,2022-10-01T00:00:00Z,1.35,103.82,,confirmed,1907907.0,3510.0
